date,fav_sum,fav_mean,net_probability_support,polls,running_pos_avg,geom_avg
2011-02-01,1.01043041254,0.505215206268,0.010430412536,41.5,0.505215206268,0.505215206268
2011-02-02,0.874327388669,0.437163694335,-0.125672611331,41.5,0.471189450301,0.563467495902
2011-02-08,0.406942717932,0.406942717932,-0.093057282068,42.0,0.449773872845,0.572368664434
2011-02-09,0.340518068668,0.340518068668,-0.159481931332,42.7,0.422459921801,0.522403442358
2011-02-14,0.399586187055,0.399586187055,-0.100413812945,42.0,0.417885174852,0.577462900917
2011-02-18,0.319577912517,0.319577912517,-0.180422087483,41.7,0.380757716101,0.514264023618
2011-02-25,0.405907799508,0.405907799508,-0.094092200492,42.8,0.374506537136,0.590214781242
2011-02-28,0.28080997146,0.28080997146,-0.21919002854,42.8,0.349279987842,0.484510097754
2011-03-01,0.402101694549,0.201050847275,-0.597898305451,42.8,0.321386543563,0.383142969927
2011-03-02,0.321759511924,0.321759511924,-0.178240488076,42.4,0.305821208537,0.476232364976
2011-03-05,0.267113601384,0.267113601384,-0.232886398616,42.4,0.29532834631,0.439602930194
2011-03-06,0.86464810208,0.43232405104,-0.13535189792,42.4,0.300611596616,0.598087050099
2011-03-08,0.481079061194,0.481079061194,-0.018920938806,42.4,0.340665414563,0.685795685421
2011-03-09,0.673378825088,0.673378825088,0.173378825088,42.4,0.435131010126,0.907653301725
2011-03-14,0.255731088729,0.255731088729,-0.244268911271,42.4,0.421925325487,0.553420153332
2011-03-15,0.326848834918,0.326848834918,-0.173151165082,42.4,0.433872372194,0.551039138761
2011-03-17,0.420458600271,0.420458600271,-0.079541399729,42.6,0.43149928204,0.634632822001
2011-03-20,0.646899780944,0.323449890472,-0.353100219056,42.6,0.399973447896,0.555386432318
2011-03-21,0.685659774498,0.685659774498,0.185659774498,42.6,0.402429637778,0.900597349409
2011-03-28,0.426280196529,0.426280196529,-0.073719803471,42.6,0.436539459338,0.72503544789
2011-03-30,0.396714178183,0.396714178183,-0.103285821817,42.6,0.450512527991,0.667500928544
2011-04-03,0.244170487505,0.244170487505,-0.255829512495,42.6,0.415254905437,0.499500953574
2011-04-04,1.0577238783,0.52886193915,0.0577238783,42.6,0.456337315173,0.739937167776
2011-04-09,0.450814127766,0.450814127766,-0.049185872234,42.6,0.409368185827,0.713282206431
2011-04-10,0.469139058455,0.469139058455,-0.030860941545,42.6,0.417939958212,0.732799722924
2011-04-11,0.54659270027,0.273296350135,-0.45340729973,42.6,0.393256392602,0.543877692076
2011-04-12,2.56006910146,0.426678183577,-0.439930898539,42.2,0.429757931817,0.65231270892
2011-04-13,0.868156048052,0.434078024026,-0.131843951948,42.2,0.410801148792,0.679041445621
2011-04-14,0.547128229784,0.547128229784,0.047128229784,42.0,0.430063969195,0.800790801194
2011-04-15,1.57902162355,0.394755405887,-0.420978376453,42.9,0.415187238682,0.680870295855
2011-04-16,0.558814721388,0.558814721388,0.058814721388,42.9,0.472290912932,0.821879768038
2011-04-17,0.269312114711,0.269312114711,-0.230687885289,42.9,0.440817699159,0.565204728899
2011-04-21,0.265929731797,0.265929731797,-0.234070268203,43.7,0.407188040713,0.503913334206
2011-04-28,0.395780935865,0.395780935865,-0.104219064135,43.7,0.37691858193,0.609025148209
2011-04-30,0.348656628737,0.348656628737,-0.151343371263,43.7,0.3676988265,0.581331347134
2011-05-02,0.493592591855,0.493592591855,-0.006407408145,43.7,0.354654400593,0.721016050034
2011-05-03,0.385629074632,0.385629074632,-0.114370925368,43.7,0.377917792577,0.646942845734
2011-05-05,0.241214846096,0.120607423048,-0.758785153904,42.6,0.348853330827,0.369616607758
2011-05-07,0.355028568323,0.355028568323,-0.144971431677,42.6,0.340702857319,0.533879794697
2011-05-09,0.425175549445,0.425175549445,-0.074824450555,42.6,0.356006641461,0.631541397958
2011-05-10,0.233986247294,0.233986247294,-0.266013752706,42.6,0.304085372548,0.466566353964
2011-05-12,0.558727231612,0.279363615806,-0.441272768388,42.4,0.282832280783,0.475564339332
2011-05-13,2.52179375083,0.360256250118,-0.978206249173,42.4,0.330762046197,0.552726358017
2011-05-14,0.120542256742,0.120542256742,-0.379457743258,42.4,0.283864783881,0.330117183211
2011-05-15,2.27077245742,0.378462076237,-0.729227542576,42.4,0.274522089239,0.53482451881
2011-05-16,0.0719767799602,0.0719767799602,-0.42802322004,42.1,0.242120195773,0.269558030304
2011-05-17,0.881029240148,0.440514620074,-0.118970759852,42.1,0.274350396626,0.577104462829
2011-05-18,0.722860853229,0.240953617743,-0.777139146771,42.1,0.250489870151,0.443400844602
2011-05-21,0.963263535924,0.481631767962,-0.036736464076,42.1,0.322707772395,0.660491444054
2011-05-22,1.2312108477,0.410403615899,-0.268789152303,42.1,0.329096080328,0.640920589171
2011-05-23,3.8669743006,0.38669743006,-1.1330256994,42.1,0.392040210348,0.621887071158
2011-05-24,1.14400613475,0.286001533689,-0.855993865246,42.1,0.361137593071,0.5198269589
2011-05-25,0.282445082547,0.282445082547,-0.217554917453,42.1,0.369435886031,0.491908138354
2011-05-27,1.12339683127,0.374465610423,-0.37660316873,42.1,0.348002654524,0.572950476285
2011-05-28,2.10782569174,0.421565138348,-0.392174308262,42.1,0.350234959013,0.637393303798
2011-05-29,0.681169242508,0.340584621254,-0.318830757492,42.1,0.341012397252,0.575052554357
2011-05-30,0.231869818021,0.231869818021,-0.268130181979,42.1,0.330186054119,0.454896836718
2011-06-01,0.643642272737,0.643642272737,0.143642272737,42.1,0.402425492157,0.835610468169
2011-06-02,1.64827117227,0.412067793067,-0.351728827732,41.6,0.409945928685,0.693187461453
2011-06-03,2.88866049114,0.481443415191,-0.111339508856,41.6,0.421921584054,0.742755563989
2011-06-04,0.732300940357,0.366150470178,-0.267699059643,41.6,0.427034753839,0.639980731956
2011-06-05,1.84517598095,0.307529330159,-1.15482401904,41.6,0.442166656266,0.558942628976
2011-06-06,0.624426533887,0.312213266943,-0.375573466113,41.6,0.375880855108,0.540288339036
2011-06-08,0.798014880513,0.798014880513,0.298014880513,41.4,0.453070272597,1.01649284601
2011-06-09,0.272806259622,0.272806259622,-0.227193740378,42.5,0.411342841483,0.607219801894
2011-06-10,0.647965969577,0.323982984789,-0.352034030423,42.5,0.402909344405,0.577587372927
2011-06-11,0.618016629842,0.618016629842,0.118016629842,42.5,0.465006804342,0.854066511127
2011-06-12,1.01546793515,0.507733967573,0.015467935146,42.5,0.504110944468,0.80791416995
2011-06-13,1.4105746955,0.470191565165,-0.089425304505,42.5,0.438546281398,0.76992565002
2011-06-15,1.16974009385,0.389913364617,-0.33025990615,42.8,0.461967702397,0.682824608027
2011-06-16,0.361574252054,0.361574252054,-0.138425747946,42.8,0.46948595585,0.632682900481
2011-06-17,0.466914163617,0.233457081808,-0.533085836383,42.8,0.392574046243,0.48823398503
2011-06-19,0.908115399316,0.454057699658,-0.091884600684,42.8,0.38183879266,0.66878822335
2011-06-20,0.170356817458,0.170356817458,-0.329643182542,42.8,0.321871843119,0.421340782873
2011-06-21,0.701880729677,0.350940364838,-0.298119270323,42.8,0.314077243163,0.544516720867
2011-06-22,0.586738011183,0.293369005591,-0.413261988817,42.8,0.300436193871,0.507192612135
2011-06-23,0.52724883514,0.26362441757,-0.47275116486,42.8,0.306469661023,0.469196742181
2011-06-24,0.683151192687,0.227717064229,-0.816848807313,42.8,0.261201533937,0.421830717507
2011-06-25,0.373934167817,0.373934167817,-0.126065832183,42.8,0.301917004009,0.553193146827
2011-06-26,1.77846183334,0.444615458336,-0.221538166657,42.8,0.320652022709,0.652735068285
2011-06-27,1.15472704931,0.384909016437,-0.345272950689,43.1,0.338960024878,0.622107621738
2011-06-28,0.359956285915,0.359956285915,-0.140043714085,43.1,0.358226398547,0.595850321347
2011-06-30,0.587510753566,0.293755376783,-0.412489246434,43.0,0.371434061058,0.524543095568
2011-07-01,0.384448234689,0.384448234689,-0.115551765311,43.0,0.373536874432,0.597134477858
2011-07-04,0.426888191088,0.426888191088,-0.073111808912,43.0,0.369991420982,0.654345854999
2011-07-05,1.38017862145,0.345044655363,-0.619821378546,43.0,0.362018548768,0.588858954846
2011-07-07,2.50463994055,0.417439990092,-0.495360059446,43.0,0.373515289603,0.648475636165
2011-07-08,0.874185040553,0.437092520277,-0.125814959447,43.0,0.402182718302,0.681578938004
2011-07-10,0.451999093169,0.451999093169,-0.048000906831,43.0,0.415692889998,0.707221786722
2011-07-11,0.654895642794,0.327447821397,-0.345104357206,43.0,0.39580481606,0.591865269644
2011-07-13,1.07305747456,0.53652873728,0.07305747456,43.0,0.434101632443,0.774822287657
2011-07-15,0.227821513715,0.227821513715,-0.272178486285,43.0,0.396177937167,0.507766539586
2011-07-17,0.777465249291,0.388732624646,-0.222534750709,43.0,0.386505958041,0.609211932988
2011-07-19,0.2649524819,0.2649524819,-0.2350475181,42.8,0.349096635787,0.501132405816
2011-07-21,0.117027786174,0.117027786174,-0.382972213826,42.6,0.307012628743,0.32706265921
2011-07-22,0.571398493211,0.571398493211,0.071398493211,42.6,0.313986579929,0.732724693853
2011-07-23,0.632553454303,0.632553454303,0.132553454303,42.6,0.394932968047,0.884345223984
2011-07-24,1.89065993808,0.472664984519,-0.109340061924,42.6,0.411719440021,0.776656072533
2011-07-26,0.199113132043,0.199113132043,-0.300886867957,42.6,0.39855157005,0.489380789321
2011-07-31,0.371455999664,0.371455999664,-0.128544000336,42.6,0.449437212748,0.591226786824
2011-08-02,0.560202337417,0.280101168708,-0.439797662583,42.6,0.391177747847,0.512909569342
2011-08-03,1.76997922591,0.589993075304,0.269979225913,42.6,0.382665672048,0.802931773562
2011-08-05,2.00506322131,0.334177203552,-0.994936778689,42.6,0.354968115854,0.615259744926
2011-08-06,0.485736808563,0.485736808563,-0.014263191437,42.6,0.412292851158,0.73181122408
2011-08-07,0.699175232426,0.349587616213,-0.300824767574,42.6,0.407919174468,0.620877188471
2011-08-08,0.416185740816,0.416185740816,-0.083814259184,42.6,0.43513608889,0.664123526293
2011-08-09,1.22237461439,0.407458204797,-0.277625385608,42.6,0.398629114788,0.662862461657
2011-08-11,3.19003997187,0.398754996484,-0.809960028128,43.4,0.411544673375,0.654682871142
2011-08-12,1.65010760409,0.412526901023,-0.34989239591,43.7,0.396902691867,0.666696719547
2011-08-13,2.68087623047,0.446812705078,-0.319123769532,43.7,0.41634770964,0.703777824932
2011-08-14,0.325247766438,0.325247766438,-0.174752233562,43.7,0.398160114764,0.592028069801
2011-08-15,0.367607435356,0.367607435356,-0.132392564644,43.7,0.390189960876,0.608535008255
2011-08-16,1.45087004949,0.483623349829,-0.049129950514,43.7,0.407163631545,0.724272571805
2011-08-17,0.645211685304,0.322605842652,-0.354788314696,43.7,0.389179419871,0.591108962396
2011-08-18,0.268807229972,0.268807229972,-0.231192770028,43.7,0.353578324849,0.508976174165
2011-08-19,0.492501506333,0.492501506333,-0.007498493667,43.7,0.387029072828,0.707838975819
2011-08-21,1.64402638217,0.328805276433,-0.855973617833,43.7,0.379268641044,0.588101368812
2011-08-22,1.634216695,0.544738898333,0.134216694999,44.1,0.391491750745,0.7809507409
2011-08-23,0.224803453879,0.224803453879,-0.275196546121,44.1,0.37193127299,0.506194168283
2011-08-24,0.472586032362,0.472586032362,-0.027413967638,44.6,0.412687033468,0.693464701666
2011-08-25,1.55464323707,0.388660809268,-0.445356762929,44.6,0.391918894055,0.646699984529
2011-08-26,0.801334574564,0.267111524855,-0.698665425436,44.3,0.379580143739,0.518515549843
2011-08-27,0.559562176609,0.559562176609,0.059562176609,44.3,0.382544799394,0.778635202122
2011-08-28,0.239338385772,0.239338385772,-0.260661614228,44.3,0.385451785773,0.517225440383
2011-08-29,1.52700096433,0.381750241083,-0.472999035668,44.3,0.367284627517,0.604089592987
2011-08-30,1.11388139551,0.278470348879,-0.886118604485,44.3,0.345246535439,0.514034755847
2011-08-31,2.19229995735,0.548074989337,0.192299957346,45.0,0.401439228336,0.761825301935
2011-09-01,0.858570789063,0.286190263021,-0.641429210937,44.3,0.346764845618,0.557524868987
2011-09-02,2.0521407238,0.41042814476,-0.447859276202,44.3,0.380982797416,0.640616582095
2011-09-04,0.275812493005,0.275812493005,-0.224187506995,44.3,0.3597952478,0.521143017948
2011-09-05,0.426521889314,0.426521889314,-0.073478110686,44.3,0.389405555887,0.643832790299
2011-09-06,1.08129803349,0.360432677831,-0.418701966507,45.2,0.351877093586,0.603319480228
2011-09-07,2.76941250874,0.395630358392,-0.730587491255,45.2,0.37376511266,0.632038443353
2011-09-08,4.9184272289,0.409868935741,-1.0815727711,45.2,0.373653270857,0.652905117203
2011-09-09,2.90771598022,0.264337816383,-2.59228401978,45.2,0.371358335532,0.513812854966
2011-09-10,0.908480629112,0.454240314556,-0.091519370888,45.2,0.376902020581,0.670516305991
2011-09-12,0.486611036565,0.243305518282,-0.513388963435,45.2,0.353476588671,0.492792616675
2011-09-13,2.31103408661,0.462206817322,-0.18896591339,45.8,0.366791880457,0.672233522419
2011-09-14,1.49921125545,0.29984225109,-1.00078874455,45.4,0.344786543527,0.548109773132
2011-09-15,1.11696336308,0.372321121026,-0.383036636921,45.1,0.366383204455,0.595367946953
2011-09-16,1.06365791329,0.531828956646,0.063657913292,45.1,0.381900932873,0.763030801939
2011-09-18,0.394279344501,0.394279344501,-0.105720655499,45.1,0.412095698117,0.668183306405
2011-09-19,0.880733796263,0.293577932088,-0.619266203737,45.3,0.37836992107,0.552144188262
2011-09-20,0.910528695947,0.455264347974,-0.089471304053,45.0,0.409454340447,0.684078734816
2011-09-22,3.93451943852,0.562074205503,0.434519438518,44.2,0.447404957342,0.818360950918
2011-09-23,1.51880668078,0.303761336155,-0.981193319225,44.2,0.401791433244,0.597654739415
2011-09-24,0.720612650187,0.360306325094,-0.279387349813,44.2,0.394996829362,0.607215131429
2011-09-25,2.9573468059,0.492891134317,-0.042653194096,44.2,0.434859469808,0.735423048867
2011-09-26,1.57029339846,0.314058679692,-0.929706601538,44.7,0.406618336152,0.586523272826
2011-09-27,1.35495325706,0.677476628532,0.354953257064,44.7,0.429698820758,0.917850190507
2011-09-28,0.572719330573,0.572719330573,0.072719330573,44.4,0.483490419642,0.890931069006
2011-09-29,0.38800761217,0.38800761217,-0.11199238783,44.4,0.489030677057,0.713525930318
2011-09-30,1.06158050922,0.530790254608,0.061580509217,44.8,0.496610501115,0.816995670125
2011-10-02,0.557305523755,0.278652761877,-0.442694476245,44.8,0.489529317552,0.585201458903
2011-10-03,0.435448688845,0.435448688845,-0.064551311155,45.0,0.441123729615,0.687179862796
2011-10-04,0.393691136399,0.393691136399,-0.106308863601,45.8,0.40531809078,0.66115138613
2011-10-05,1.9683498451,0.328058307517,-1.03165015489,45.9,0.393328229849,0.589708593988
2011-10-07,0.945618934377,0.315206311459,-0.554381065623,46.1,0.35021144122,0.557654249722
2011-10-08,0.745678530654,0.372839265327,-0.254321469346,46.1,0.369048741909,0.603067514372
2011-10-09,2.50301076788,0.357572966841,-0.996989232115,46.1,0.353473597509,0.595514438867
2011-10-11,4.03139938423,0.575914197747,0.53139938423,45.9,0.389918209778,0.812176898545
2011-10-12,2.8803395592,0.360042444901,-1.1196604408,45.3,0.396315037255,0.649834887505
2011-10-13,1.29783298374,0.259566596747,-1.20216701626,45.1,0.385187094313,0.518828228253
2011-10-14,0.332067887517,0.332067887517,-0.167932112483,45.1,0.377032818751,0.555200401487
2011-10-15,1.8043593209,0.451089830224,-0.195640679102,45.1,0.395736191427,0.675870049159
2011-10-16,1.5645933682,0.260765561367,-1.4354066318,45.1,0.332706464151,0.514042903995
2011-10-17,0.343570340356,0.343570340356,-0.156429659644,45.1,0.329412043242,0.561071106987
2011-10-18,2.76223885802,0.394605551146,-0.737761141975,45.2,0.356419834122,0.617880861703
2011-10-19,3.05290545953,0.436129351361,-0.447094540475,45.2,0.377232126891,0.673229740003
2011-10-20,3.90928450621,0.434364945135,-0.590715493789,44.2,0.373887149873,0.68756666393
2011-10-21,2.44832144464,0.408053574106,-0.551678555364,44.2,0.403344752421,0.668395940357
2011-10-22,0.180714472415,0.180714472415,-0.319285527585,44.2,0.370773578833,0.438630599155
2011-10-23,1.09800517897,0.274501294741,-0.901994821034,44.2,0.346752727552,0.475336052426
2011-10-24,2.19941670573,0.439883341147,-0.300583294267,44.2,0.347503525509,0.639112201431
2011-10-25,0.489185244351,0.244592622175,-0.510814755649,44.2,0.309549060917,0.481674513274
2011-10-26,2.82761351393,0.403944787705,-0.672386486067,44.5,0.308727303637,0.607636951343
2011-10-27,3.21196932999,0.458852761427,-0.288030670012,44.5,0.364354961439,0.688715632626
2011-10-28,0.608093338432,0.202697779477,-0.891906661568,44.5,0.349994258386,0.456593969669
2011-10-29,0.303363863288,0.303363863288,-0.196636136712,44.5,0.322690362814,0.504620632815
2011-10-30,1.53385482123,0.383463705307,-0.466145178771,44.5,0.350464579441,0.588008892226
2011-10-31,1.72377412875,0.574591376249,0.223774128747,44.5,0.38459389715,0.798589335268
2011-11-02,0.361553780506,0.361553780506,-0.138446219494,44.1,0.365134100966,0.641233991953
2011-11-03,1.16309056727,0.581545283636,0.163090567272,43.7,0.440903601797,0.833282579891
2011-11-04,0.554003765277,0.554003765277,0.054003765277,44.1,0.491031582195,0.851431649475
2011-11-05,0.946817456956,0.236704364239,-1.05318254304,44.1,0.461679713981,0.54758809179
2011-11-06,1.4900389364,0.496679645467,-0.0099610636,44.4,0.446097367825,0.736797628995
2011-11-07,0.560866856623,0.280433428311,-0.439133143377,44.3,0.429873297386,0.556133889555
2011-11-08,1.4852518817,0.371312970425,-0.5147481183,44.3,0.387826834744,0.606242029631
2011-11-09,0.649180594443,0.216393531481,-0.850819405557,44.3,0.320304787985,0.456780548627
2011-11-10,1.51757657006,0.379394142514,-0.482423429942,44.3,0.34884274364,0.581733743026
2011-11-12,1.25010209278,0.312525523195,-0.74989790722,44.4,0.312011919185,0.538202000871
2011-11-13,0.777054062857,0.388527031428,-0.222945937143,44.2,0.333630639809,0.605554736902
2011-11-16,0.385313625748,0.385313625748,-0.114686374252,44.6,0.336430770873,0.617550042484
2011-11-17,1.27564412931,0.425214709769,-0.224355870692,44.8,0.378195006531,0.6628229731
2011-11-18,1.35797213016,0.271594426032,-1.14202786984,44.8,0.356635063235,0.522004669023
2011-11-19,0.949266437715,0.316422145905,-0.550733562285,44.8,0.357414387777,0.534534031764
2011-11-20,0.903526484576,0.301175494859,-0.596473515424,44.8,0.339944080463,0.516993108997
2011-11-21,2.40523540314,0.481047080628,-0.094764596861,44.8,0.359090771439,0.690759873441
2011-11-22,0.196885453772,0.0984427268861,-0.803114546228,44.7,0.293736374862,0.349715681562
2011-11-23,2.57266125834,0.42877687639,-0.427338741662,44.4,0.325172864933,0.60215680896
2011-11-24,1.91712919079,0.479282297699,-0.082870809205,44.4,0.357744895292,0.702393065813
2011-11-25,1.25350729625,0.417835765417,-0.246492703748,44.4,0.381076949404,0.672371390152
2011-11-26,0.243566780917,0.243566780917,-0.256433219083,44.3,0.333580889462,0.497765108862
2011-11-28,0.655917925293,0.327958962646,-0.344082074707,44.4,0.379484136614,0.540432904284
2011-11-29,1.80312484001,0.360624968002,-0.69687515999,44.4,0.365853754936,0.576582112327
2011-11-30,3.7577116883,0.417523520923,-0.742288311697,44.4,0.353501999581,0.641551624282
2011-12-01,2.30631259863,0.384385433104,-0.693687401374,44.4,0.346811933118,0.625699474099
2011-12-02,2.19803243089,0.439606486178,-0.30196756911,44.7,0.386019874171,0.680436634538
2011-12-03,2.46598666364,0.493197332728,-0.034013336358,44.7,0.419067548187,0.748532139599
2011-12-04,1.9625681255,0.392513625101,-0.537431874496,44.7,0.425445279607,0.668094045668
2011-12-05,1.87318566087,0.468296415218,-0.126814339128,44.7,0.435599858466,0.728701036448
2011-12-06,0.677978289516,0.225992763172,-0.822021710484,44.7,0.403921324479,0.500186783454
2011-12-07,3.46432038851,0.433040048563,-0.535679611493,44.7,0.402608036957,0.65284326873
2011-12-08,1.06998255082,0.356660850272,-0.430017449185,44.4,0.375300740465,0.604937061931
2011-12-09,2.40546268919,0.343637527027,-1.09453731081,44.4,0.36552552085,0.583126144773
2011-12-10,2.61662543563,0.436104239272,-0.38337456437,44.4,0.359087085661,0.668881057638
2011-12-11,1.49476033097,0.373690082742,-0.505239669031,44.4,0.388626549575,0.626281302362
2011-12-12,1.1255323321,0.281383083024,-0.874467667902,45.1,0.358295156467,0.526669296207
2011-12-13,3.43122568919,0.343122568919,-1.56877431081,45.1,0.355587500197,0.562861143403
2011-12-14,0.784380676312,0.261460225437,-0.715619323688,44.8,0.339152039879,0.48523866941
2011-12-15,2.2877738794,0.457554775879,-0.212226120603,44.8,0.3434421472,0.661381818793
2011-12-16,3.63167157051,0.363167157051,-1.36832842949,44.6,0.341337562062,0.606724819166
2011-12-17,1.81880030832,0.454700077079,-0.181199691682,44.6,0.376000960873,0.690994348811
2011-12-18,2.53011159637,0.361444513767,-0.969888403634,44.6,0.379665349843,0.618775398797
2011-12-19,2.25991623092,0.322845175845,-1.24008376908,44.6,0.391942339924,0.566395396748
2011-12-20,1.57190389134,0.314380778268,-0.928096108658,44.8,0.363307540402,0.543372065777
2011-12-21,2.53432225734,0.506864451468,0.034322257338,44.8,0.392046999285,0.727151512481
2011-12-22,3.1626280829,0.527104680484,0.162628082903,44.6,0.406527919966,0.790897285458
2011-12-23,3.27907144716,0.409883930895,-0.720928552844,44.6,0.416215803392,0.697280428584
2011-12-24,0.588385570187,0.588385570187,0.088385570187,44.6,0.46932388226,0.858838395956
2011-12-25,1.96500994245,0.491252485612,-0.034990057552,44.6,0.504698223729,0.800894653642
2011-12-27,0.866007916115,0.433003958058,-0.133992083885,44.6,0.489926125047,0.735993586644
2011-12-28,2.22218534625,0.44443706925,-0.277814653751,44.6,0.4733926028,0.732227411608
2011-12-29,3.21204372312,0.458863389017,-0.287956276879,45.0,0.483188494425,0.743632864899
2011-12-30,5.95031168082,0.45771628314,-0.549688319177,45.0,0.457054637015,0.744572519757
2011-12-31,0.253573712361,0.253573712361,-0.246426287639,45.0,0.409518882365,0.540983964192
2012-01-01,3.75833464809,0.417592738677,-0.741665351909,45.0,0.406436638489,0.654366926734
2012-01-02,4.35546450302,0.435546450302,-0.64453549698,45.0,0.404658514699,0.690981500888
2012-01-03,7.26841101526,0.454275688454,-0.731588984741,45.0,0.403740974587,0.719968490907
2012-01-04,23.502648783,0.41969015684,-4.49735121697,45.0,0.396135749327,0.694423234344
2012-01-05,14.6863555167,0.473753403765,-0.813644483285,44.7,0.440171687607,0.744188338345
2012-01-06,9.71778253154,0.462751549121,-0.782217468455,44.7,0.449203449696,0.745372703379
2012-01-07,6.11967808719,0.437119863371,-0.880321912806,44.7,0.44951813231,0.722457598131
2012-01-08,10.3516971878,0.431320716158,-1.64830281221,44.7,0.444927137851,0.712152169617
2012-01-09,11.7575407733,0.452213106666,-1.24245922669,44.9,0.451431727816,0.730091441835
2012-01-10,13.1173497563,0.468476777009,-0.882650243745,45.2,0.450376402465,0.75032553376
2012-01-11,27.721550392,0.469856786305,-1.77844960803,45.1,0.451797449902,0.757469121903
2012-01-12,12.1914592875,0.369438160228,-4.30854071249,45.1,0.438261109273,0.660171199114
2012-01-13,6.65447182809,0.350235359373,-2.84552817191,45.2,0.422044037916,0.617679909409
2012-01-14,3.7878127586,0.420868084289,-0.712187241396,45.2,0.415775033441,0.673564949421
2012-01-15,4.78831659924,0.39902638327,-1.21168340076,45.5,0.401884954693,0.661847714255
2012-01-16,10.752046831,0.41354026273,-2.24795316903,45.0,0.390621649978,0.674202330381
2012-01-17,12.1609024734,0.347454356382,-5.33909752663,45.3,0.386224889209,0.610708158385
2012-01-18,8.2843827473,0.414219137365,-1.7156172527,45.0,0.399021644807,0.661878499689
2012-01-19,10.9036730231,0.403839741595,-2.59632697694,45.0,0.395615976268,0.661248457908
2012-01-20,10.1365166143,0.349535055665,-4.36348338573,45.0,0.385717710747,0.607825521795
2012-01-21,5.82608748133,0.416149105809,-1.17391251867,45.0,0.386239479363,0.661330825173
2012-01-22,9.94878907436,0.414532878099,-2.05121092564,45.0,0.399655183706,0.670563835278
2012-01-23,6.56953764957,0.437969176638,-0.930462350433,45.2,0.404405191561,0.697713250049
2012-01-24,13.4751330474,0.434681711206,-2.02486695261,45.2,0.410573585483,0.702144443078
2012-01-25,11.485207953,0.441738767423,-1.51479204701,45.2,0.429014327835,0.712054254886
2012-01-26,8.09129318268,0.449516287927,-0.908706817321,45.0,0.435687764258,0.723371322091
2012-01-27,11.3956629297,0.406987961775,-2.60433707031,44.9,0.434178780994,0.684758932614
2012-01-28,8.62798993374,0.454104733355,-0.87201006626,44.9,0.437405892337,0.723390887547
2012-01-29,3.21034232808,0.321034232808,-1.78965767192,45.0,0.414676396657,0.598767055529
2012-01-30,7.60191407338,0.361995908256,-2.89808592662,45.1,0.398727824824,0.610025094884
2012-01-31,13.8509088264,0.432840900825,-2.14909117361,45.2,0.395392747404,0.678307663049
2012-02-01,15.7091429719,0.357025976633,-6.29085702814,45.3,0.385400350375,0.617717272889
2012-02-02,6.31846178043,0.351025654468,-2.68153821957,45.5,0.364784534598,0.598774558081
2012-02-03,8.9390722111,0.388655313526,-2.5609277889,45.5,0.378308750742,0.629525859737
2012-02-04,6.28048836049,0.418699224032,-1.21951163951,45.4,0.389649413897,0.665355654719
2012-02-05,7.68085159144,0.451814799497,-0.819148408556,45.1,0.393444193631,0.707905477457
2012-02-06,4.57875865024,0.457875865024,-0.421241349762,44.5,0.41361417131,0.726383438275
2012-02-07,5.45420101832,0.454516751527,-0.545798981676,44.1,0.434312390721,0.730465323982
2012-02-08,9.79397078886,0.391758831554,-2.70602921114,44.3,0.434933094327,0.670987628217
2012-02-09,6.73125146021,0.354276392643,-2.76874853979,44.1,0.422048528049,0.620060124503
2012-02-10,7.2350281965,0.380790957711,-2.2649718035,43.6,0.407843759692,0.631826201668
2012-02-11,3.55457586491,0.355457586491,-1.44542413509,43.9,0.387360103985,0.606216323843
2012-02-12,3.77414449329,0.419349388144,-0.725855506708,43.8,0.380326631308,0.662774509114
2012-02-13,1.92948000402,0.385896000804,-0.570519995982,43.9,0.379154065158,0.641609244228
2012-02-14,0.654467339553,0.218155779851,-0.845532660447,43.1,0.3519299426,0.470337853095
2012-02-15,5.647060793,0.470588399416,-0.352939207004,43.0,0.369889430941,0.679565045259
2012-02-16,7.51954987014,0.44232646295,-0.980450129857,43.4,0.387263206233,0.695113530302
2012-02-17,7.71124282602,0.428402379224,-1.28875717397,43.3,0.389073804449,0.691269965309
2012-02-18,3.82771956661,0.478464945826,-0.172280433392,43.2,0.407587593453,0.743481931824
2012-02-19,4.17401907766,0.417401907766,-0.825980922337,43.4,0.447436819036,0.696833599348
2012-02-20,4.41105545501,0.441105545501,-0.588944544995,43.3,0.441540248253,0.712243419319
2012-02-21,6.77692913896,0.423558071185,-1.22307086104,43.4,0.4377865699,0.69800892286
2012-02-22,3.89248244073,0.43249804897,-0.607517559269,43.4,0.43860570385,0.704170088376
2012-02-23,10.5787743051,0.440782262711,-1.42122569493,43.9,0.431069167227,0.713779404698
2012-02-24,5.9224471438,0.423031938843,-1.0775528562,44.1,0.432195173442,0.698753494702
2012-02-25,4.04396072725,0.404396072725,-0.956039272748,44.1,0.424853278887,0.677041963507
2012-02-26,7.75831709278,0.387915854639,-2.24168290722,44.3,0.417724835578,0.654786691644
2012-02-27,3.87601248809,0.352364771644,-1.62398751191,44.1,0.401698180113,0.612541634109
2012-02-28,7.99655686366,0.399827843183,-2.00344313634,44.0,0.393507296207,0.647871252634
2012-02-29,12.111691117,0.432560397036,-1.88830888301,44.7,0.395412987845,0.68661649208
2012-03-01,8.14484542239,0.428676074863,-1.35515457761,44.4,0.400268988273,0.692727506804
2012-03-02,3.486213537,0.3486213537,-1.513786463,44.3,0.392410088085,0.616018829953
2012-03-03,2.10864590819,0.351440984698,-0.891354091813,44.3,0.392225330696,0.60071773947
2012-03-04,6.33018462253,0.422012308169,-1.16981537747,44.4,0.396662223693,0.664278948735
2012-03-05,3.54127199214,0.354127199214,-1.45872800786,44.4,0.380975584129,0.610139565425
2012-03-06,8.84243647635,0.442121823818,-1.15756352365,44.3,0.38366473392,0.686542644616
2012-03-07,20.065963715,0.409509463571,-4.43403628501,44.3,0.395842355894,0.671105991388
2012-03-08,9.6283341029,0.437651550132,-1.3716658971,44.5,0.413084468981,0.69822074842
2012-03-09,5.05315988208,0.42109665684,-0.946840117922,44.8,0.412901338715,0.68888626325
2012-03-10,7.91160313199,0.527440208799,0.411603131988,45.0,0.447563940632,0.794518916045
2012-03-11,4.47733272555,0.407030247778,-1.02266727445,45.5,0.440545625424,0.700879133164
2012-03-12,3.3946184329,0.377179825877,-1.1053815671,45.5,0.434079697885,0.653046628128
2012-03-13,4.12325822627,0.374841656934,-1.37674177373,44.5,0.421517719245,0.636802674246
2012-03-14,11.2775909878,0.402771106707,-2.72240901221,44.0,0.417852609219,0.657809192573
2012-03-15,5.83205334161,0.388803556107,-1.66794665839,44.1,0.390125278681,0.647047886154
2012-03-16,4.7076985675,0.47076985675,-0.292301432497,44.0,0.402873200475,0.726289894859
2012-03-17,2.89892772024,0.414132531463,-0.601072279759,43.6,0.410263741592,0.688771377096
2012-03-18,3.45825133224,0.43228141653,-0.541748667757,43.8,0.421751693512,0.701000045947
2012-03-19,8.07045983874,0.504403739921,0.0704598387392,44.0,0.442078220154,0.775881810856
2012-03-20,5.26985859843,0.376418471317,-1.73014140157,43.9,0.439601203196,0.667232209275
2012-03-21,11.579413431,0.42886716411,-1.92058656903,43.8,0.431220664668,0.696497271017
2012-03-22,7.49109693543,0.416172051968,-1.50890306457,43.4,0.431628568769,0.687752631198
2012-03-23,5.39443587781,0.359629058521,-2.10556412219,43.6,0.417098097167,0.629156553671
2012-03-24,2.47830093375,0.413050155625,-0.521699066253,43.4,0.398827380308,0.667508256301
2012-03-25,5.21543052184,0.434619210153,-0.784569478159,43.6,0.410467528075,0.695622945238
2012-03-26,3.29743007493,0.366381119437,-1.20256992506,43.3,0.397970319141,0.634849262058
2012-03-27,1.48705474724,0.371763686811,-0.512945252755,43.5,0.389088646109,0.626426968454
2012-03-28,3.16577798247,0.395722247808,-0.834222017535,43.4,0.396307283967,0.645911880392
2012-03-29,4.84852347447,0.37296334419,-1.65147652553,43.7,0.38828992168,0.626560589058
2012-03-30,6.16989971429,0.41132664762,-1.33010028571,43.0,0.383631409173,0.660230471633
2012-03-31,1.61668493167,0.404171232917,-0.383315068331,43.2,0.391189431869,0.660473168753
2012-04-01,3.20207918799,0.355786576443,-1.29792081201,43.0,0.387994009796,0.613242916477
2012-04-02,5.29108900639,0.440924083866,-0.708910993612,43.3,0.397034377007,0.686986464798
2012-04-03,5.43453654442,0.362302436295,-2.06546345558,43.3,0.394902195428,0.624699022132
2012-04-04,9.49355855333,0.395564939722,-2.50644144667,43.6,0.391749853849,0.645011621631
2012-04-05,10.9265024309,0.437060097234,-1.57349756914,43.6,0.398327626712,0.689650493958
2012-04-06,4.97929231983,0.414941026653,-1.02070768017,43.4,0.410158516754,0.67887036192
2012-04-07,2.77738429162,0.462897381937,-0.222615708376,43.1,0.414553176368,0.726304576965
2012-04-08,0.473934461284,0.473934461284,-0.026065538716,43.1,0.436879581366,0.749656129868
2012-04-09,0.89977743399,0.29992581133,-0.60022256601,43.3,0.417751755688,0.584110182259
2012-04-10,4.773538748,0.397794895667,-1.226461252,43.2,0.409898715374,0.643020010253
2012-04-11,8.5570644758,0.388957476173,-2.4429355242,43.2,0.404702005278,0.642182349678
2012-04-12,7.79842097844,0.433245609914,-1.20157902156,43.6,0.398771650873,0.686242355413
2012-04-13,5.46761070453,0.390543621752,-1.53238929547,44.2,0.382093482967,0.654242206862
2012-04-14,3.71395886856,0.371395886856,-1.28604113144,44.2,0.396387498072,0.628983310498
2012-04-15,1.73198947878,0.432997369695,-0.26801052122,44.2,0.403427992878,0.683516365924
2012-04-16,3.37858513445,0.337858513445,-1.62141486555,44.1,0.393208200332,0.600500319725
2012-04-17,6.17472710882,0.441051936344,-0.825272891183,44.1,0.394769465618,0.684870416803
2012-04-18,3.546542172,0.322412924728,-1.953457828,45.3,0.381143326213,0.5840874266
2012-04-19,3.19764681229,0.355294090254,-1.30235318771,44.7,0.377922966893,0.59443625341
2012-04-20,3.69411039672,0.410456710747,-0.805889603279,44.6,0.373414835104,0.64835837625
2012-04-21,3.00795381352,0.37599422669,-0.992046186481,44.5,0.381041977753,0.626179078821
2012-04-22,0.523186668742,0.523186668742,0.023186668742,44.4,0.397468924232,0.769694473649
2012-04-23,6.50600299778,0.361444610988,-2.49399700222,44.3,0.405275261484,0.643453641378
2012-04-24,4.66224477359,0.358634213353,-1.83775522641,44.1,0.405943286104,0.615899930078
2012-04-25,6.03805575477,0.317792408146,-3.46194424523,44.0,0.387410425584,0.565166621415
2012-04-26,4.22279673225,0.351899727687,-1.77720326775,43.9,0.382591525783,0.584233393724
2012-04-27,3.14234430475,0.44890632925,-0.35765569525,43.7,0.367735457885,0.68244502914
2012-04-28,2.15238407684,0.430476815369,-0.347615923156,43.8,0.381541898761,0.687720599998
2012-04-29,0.755075896221,0.377537948111,-0.244924103779,44.2,0.385322645712,0.640220811077
2012-04-30,3.33763299836,0.370848110928,-1.16236700165,44.2,0.395933786269,0.623645896471
2012-05-01,3.15687974882,0.350764416535,-1.34312025118,44.0,0.395706724039,0.598170956238
2012-05-02,5.00660603913,0.333773735942,-2.49339396087,43.8,0.372680205377,0.573590895667
2012-05-03,4.41432463156,0.401302239233,-1.08567536844,44.1,0.36684529015,0.633173617172
2012-05-04,5.24972778841,0.328107986775,-2.7502722116,44.1,0.356959297883,0.572781726582
2012-05-05,3.3919128953,0.484558985044,-0.108087104695,44.3,0.379701472706,0.715925980805
2012-05-06,1.02834066049,0.514170330244,0.028340660487,45.0,0.412382655447,0.779029081863
2012-05-07,1.26231233736,0.315578084341,-0.737687662637,45.1,0.408743525127,0.602109050062
2012-05-08,2.47129900847,0.411883168078,-0.528700991531,46.0,0.410859710896,0.659839667996
2012-05-09,3.39363840242,0.424204800303,-0.606361597576,45.4,0.430079073602,0.680884121966
2012-05-10,2.73221292565,0.390316132236,-0.767787074348,45.4,0.41123050304,0.652857441875
2012-05-11,4.68841883848,0.390701569873,-1.31158116152,45.4,0.386536750966,0.647426793678
2012-05-12,2.41557921172,0.402596535287,-0.584420788279,45.3,0.403940441155,0.657164615003
2012-05-13,3.89854169404,0.389854169405,-1.10145830596,45.0,0.399534641421,0.646303252528
2012-05-14,1.94087281866,0.323478803111,-1.05912718134,45.0,0.379389441982,0.577427036967
2012-05-15,2.07263526537,0.296090752195,-1.42736473463,44.8,0.360544365974,0.532366627953
2012-05-16,2.18000330185,0.436000660369,-0.319996698154,44.1,0.369604184073,0.657458152158
2012-05-17,3.6172080891,0.452151011138,-0.382791910896,43.7,0.379515079243,0.701018993377
2012-05-18,2.59255987201,0.432093312002,-0.407440127987,44.1,0.387962907763,0.695921797636
2012-05-19,2.00131834794,0.400263669588,-0.498681652058,44.1,0.403319881059,0.666493252387
2012-05-20,2.0161052478,0.403221049561,-0.483894752197,43.9,0.424745940532,0.663617291851
2012-05-21,1.31122664171,0.327806660428,-0.688773358288,43.9,0.403107140543,0.586982150263
2012-05-22,3.76665581345,0.376665581345,-1.23334418655,43.6,0.388010054585,0.616497029946
2012-05-23,3.91486362251,0.434984846946,-0.585136377488,43.8,0.388588361573,0.678452320103
2012-05-24,3.47285358587,0.385872620652,-1.02714641413,43.6,0.385710151786,0.644561848342
2012-05-25,2.3861813104,0.47723626208,-0.113818689601,43.8,0.40051319429,0.730148756152
2012-05-26,0.990764524022,0.495382262011,-0.009235475978,43.6,0.434028314607,0.76919469074
2012-05-27,3.53866906496,0.505524152137,0.038669064958,43.6,0.459800028765,0.793130059416
2012-05-28,1.30814877309,0.436049591029,-0.191851226913,43.6,0.460012977582,0.733421139865
2012-05-29,7.26967304392,0.403870724662,-1.73032695608,43.6,0.463612598384,0.689478668625
2012-05-30,5.88534962666,0.42038211619,-1.11465037334,43.7,0.452241769206,0.693912493976
2012-05-31,3.20174311925,0.400217889906,-0.798256880751,43.6,0.433208894785,0.672580592823
2012-06-01,0.982022296857,0.327340765619,-0.517977703143,44.3,0.397572217481,0.593671669471
2012-06-02,2.39367910109,0.398946516848,-0.606320898913,44.5,0.390151602645,0.644161540085
2012-06-03,0.76087419981,0.380437099905,-0.23912580019,45.6,0.385464877694,0.633768967237
2012-06-04,1.74359839728,0.348719679457,-0.756401602716,45.4,0.371132390347,0.599738392756
2012-06-05,3.22628193852,0.322628193852,-1.77371806148,44.7,0.355614451136,0.564474474584
2012-06-06,2.20336172076,0.367226953459,-0.796638279245,44.7,0.363591688704,0.598172744712
2012-06-07,2.01677793872,0.336129656453,-0.983222061279,44.7,0.351028316625,0.572706456645
2012-06-08,0.480423606952,0.240211803476,-0.519576393048,44.5,0.32298325734,0.470574535233
2012-06-09,2.09372956739,0.418745913477,-0.406270432614,45.0,0.336988504144,0.622140807817
2012-06-10,0.613560823812,0.306780411906,-0.386439176188,45.1,0.333818947754,0.542297340331
2012-06-11,1.92717183993,0.275310262847,-1.57282816007,44.9,0.315435609632,0.495378476551
2012-06-12,1.49668987227,0.299337974454,-1.00331012773,44.6,0.308077273232,0.505443534385
2012-06-13,2.3513638253,0.470272765059,-0.148636174704,44.9,0.354089465549,0.675601427032
2012-06-14,4.32145277869,0.360121064891,-1.67854722131,44.9,0.342364495831,0.606789190785
2012-06-15,7.09224922083,0.472816614722,-0.407750779167,44.9,0.375571736395,0.709703587249
2012-06-16,4.83349131429,0.483349131429,-0.166508685714,44.9,0.417179510111,0.745828836049
2012-06-17,3.97135944701,0.441262160778,-0.528640552995,44.9,0.445564347376,0.718000279825
2012-06-18,4.17435362342,0.463817069269,-0.325646376578,44.9,0.444273208218,0.737878245829
2012-06-19,2.47940905704,0.41323484284,-0.52059094296,45.0,0.454895963808,0.693250280587
2012-06-20,4.90619391227,0.490619391227,-0.093806087728,44.4,0.458456519109,0.761322074011
2012-06-21,6.28291931162,0.44877995083,-0.717080688382,44.5,0.451542682989,0.735467461951
2012-06-22,2.97520715289,0.297520715289,-2.02479284711,44.3,0.422794393891,0.580850438635
2012-06-23,3.08632885857,0.440904122652,-0.413671141433,44.3,0.418211804568,0.685870816128
2012-06-24,2.04534701169,0.340891168615,-0.954652988312,44.2,0.403743069723,0.60499986881
2012-06-25,0.749751057318,0.374875528659,-0.250248942682,44.2,0.380594297209,0.62074177042
2012-06-26,1.309417074,0.436472358001,-0.190582925998,44.2,0.378132778643,0.682958240429
2012-06-27,2.03566925157,0.339278208595,-0.964330748431,43.9,0.386484277304,0.600542702367
2012-06-28,1.44398281296,0.360995703241,-0.556017187038,43.7,0.370502593422,0.604125236156
2012-06-29,3.16368110129,0.351520122365,-1.33631889871,43.7,0.372628384172,0.592548535964
2012-06-30,0.942625843838,0.235656460959,-1.05737415616,43.8,0.344784570632,0.472644171806
2012-07-01,1.01961867379,0.509809336896,0.019618673792,43.9,0.359451966411,0.715573905727
2012-07-02,5.2590683442,0.404543718785,-1.2409316558,44.1,0.372505068449,0.66449188188
2012-07-03,5.0497336024,0.420811133534,-0.950266397597,44.4,0.384468154508,0.676606389625
2012-07-04,1.38691933725,0.462306445751,-0.113080662746,44.4,0.406625419185,0.72217774012
2012-07-05,3.32412770888,0.369347523209,-1.17587229112,44.4,0.433363631635,0.641948400942
2012-07-06,1.78955322994,0.298258871657,-1.21044677006,44.3,0.391053538587,0.553789639927
2012-07-08,3.59587150736,0.399541278596,-0.904128492637,44.3,0.390053050549,0.630667490848
2012-07-09,3.58112919751,0.397903244168,-0.918870802487,44.5,0.385471472676,0.643117219177
2012-07-10,4.52661364335,0.411510331213,-0.973386356653,44.7,0.375312249769,0.661184242442
2012-07-11,5.52635037263,0.394739312331,-1.47364962737,44.6,0.380390607593,0.649875456095
2012-07-12,6.14332148668,0.361371852157,-2.35667851332,44.3,0.393013203693,0.614947641365
2012-07-13,3.33728789665,0.333728789665,-1.66271210335,44.4,0.379850705907,0.57863028353
2012-07-14,2.46903116043,0.411505193405,-0.530968839569,44.6,0.382571095754,0.645732046298
2012-07-15,3.55542367864,0.507917668378,0.055423678643,44.4,0.401852563187,0.756451134163
2012-07-16,2.6459692922,0.377995613171,-0.854030707804,44.5,0.398503823355,0.656251624223
2012-07-17,6.43088411281,0.3572713396,-2.56911588719,44.6,0.397683720844,0.616630963679
2012-07-18,6.32291562534,0.421527708356,-1.17708437466,44.9,0.415243504582,0.66899928387
2012-07-19,4.10680553782,0.410680553782,-0.893194462181,45.0,0.415078576657,0.66876164571
2012-07-20,2.09110183632,0.418220367264,-0.408898163678,44.7,0.397139116435,0.677691296512
2012-07-21,2.3604625246,0.47209250492,-0.139537475399,44.7,0.415958494785,0.734357979792
2012-07-22,3.21836317807,0.321836317807,-1.78163682193,44.8,0.408871490426,0.599012641757
2012-07-23,1.96158581534,0.280226545049,-1.53841418466,44.8,0.380611257764,0.526724290148
2012-07-24,2.92400873327,0.417715533325,-0.575991266727,44.6,0.382018253673,0.641104094899
2012-07-25,5.1200849128,0.426673742734,-0.879915087196,45.0,0.383708928767,0.673033125788
2012-07-26,8.43123329123,0.468401849513,-0.568766708773,45.1,0.382970797685,0.725516121674
2012-07-27,9.04651307076,0.452325653538,-0.953486929236,45.3,0.409068664832,0.725003200094
2012-07-28,2.97494186594,0.424991695134,-0.525058134062,45.1,0.438021694849,0.701195840714
2012-07-29,5.73562606693,0.441202005148,-0.764373933073,45.0,0.442718989213,0.713232204728
2012-07-30,8.35796159364,0.417898079682,-1.64203840636,45.1,0.440963856603,0.692859405002
2012-07-31,9.40926483009,0.409098470873,-2.09073516991,45.0,0.429103180875,0.679742862348
2012-08-01,4.99658660613,0.454235146012,-0.503413393867,45.0,0.42948507937,0.721090632387
2012-08-02,3.74155664312,0.311796386926,-2.25844335688,44.4,0.406846017728,0.588238868772
2012-08-03,5.81489555441,0.363430972151,-2.18510444559,44.6,0.391291811129,0.608370758406
2012-08-04,3.08847046369,0.343163384854,-1.41152953631,44.4,0.376344872163,0.587469631492
2012-08-05,1.56178673215,0.31235734643,-0.938213267851,44.6,0.356996647275,0.549898957666
2012-08-06,5.09223021045,0.391710016189,-1.40776978955,44.3,0.34449162131,0.617859302415
2012-08-07,3.6327426979,0.403638077545,-0.867257302097,44.1,0.362859959434,0.643815099815
2012-08-08,5.3186336388,0.483512148982,-0.181366361198,43.9,0.3868761948,0.73188030281
2012-08-09,6.80125405114,0.400073767714,-1.69874594886,44.0,0.398258271372,0.672212157741
2012-08-10,7.1623545674,0.447647160463,-0.837645432598,44.1,0.425316234178,0.709898876892
2012-08-11,14.061445467,0.484877429896,-0.438554533016,43.4,0.44394971692,0.756029045544
2012-08-12,11.7124771426,0.450479890102,-1.28752285735,43.0,0.453318079431,0.735051068426
2012-08-13,11.1865147173,0.43025056605,-1.81348528271,43.7,0.442665762845,0.712800702724
2012-08-14,9.60665075699,0.4366659435,-1.39334924301,43.9,0.449984198002,0.714303546423
2012-08-15,8.29747942698,0.488087025116,-0.202520573023,44.2,0.458072170933,0.765604168659
2012-08-16,9.12532252863,0.414787387665,-1.87467747137,43.8,0.444054162487,0.705163582161
2012-08-17,6.1198062326,0.407987082173,-1.3801937674,43.8,0.435555600901,0.68585148852
2012-08-18,5.79032342407,0.386021561605,-1.70967657593,44.6,0.426709800012,0.657396369106
2012-08-19,3.7855018397,0.420611315522,-0.714498160302,44.4,0.423498874416,0.683368377802
2012-08-20,6.85021721135,0.456681147423,-0.649782788654,44.7,0.417217698878,0.723868897443
2012-08-21,6.20420100846,0.387762563029,-1.79579899154,44.7,0.41181273395,0.665324849672
2012-08-22,8.81990141779,0.419995305609,-1.68009858221,45.5,0.414214378638,0.684873338518
2012-08-23,7.82086023716,0.391043011858,-2.17913976284,45.3,0.415218668688,0.658825723192
2012-08-24,6.95971701548,0.434982313467,-1.04028298452,45.6,0.418092868277,0.696374962755
2012-08-25,7.66385177713,0.425769543174,-1.33614822287,45.5,0.411910547427,0.695266890741
2012-08-26,11.2401129047,0.374670430156,-3.75988709531,45.5,0.409292120853,0.645098615899
2012-08-27,8.65575860818,0.360656608674,-3.34424139182,45.7,0.397424381466,0.61896338852
2012-08-28,12.8634820375,0.367528058215,-4.63651796247,45.7,0.392721390737,0.617086318347
2012-08-29,19.6399925485,0.363703565713,-7.36000745149,45.7,0.378465641187,0.61052794529
2012-08-30,16.3495113713,0.371579803893,-5.65048862869,45.9,0.36762769333,0.615508709219
2012-08-31,23.2500769337,0.375001240866,-7.74992306632,45.9,0.367693855472,0.619088058165
2012-09-01,6.43916293371,0.378774290218,-2.06083706629,46.1,0.371317391781,0.623324281785
2012-09-02,4.23832663277,0.470925181418,-0.261673367235,46.3,0.391996816422,0.71634863487
2012-09-03,3.55815480928,0.395350534364,-0.941845190723,46.4,0.398326210152,0.664030497178
2012-09-04,3.79080184222,0.379080184222,-1.20919815778,46.7,0.399826286218,0.639115482836
2012-09-05,4.76163286614,0.432875715103,-0.738367133864,46.8,0.411401181065,0.686138120393
2012-09-06,6.24740283911,0.446243059937,-0.752597160889,46.7,0.424894935009,0.710012880472
2012-09-07,3.2462616534,0.295114695764,-2.2537383466,46.3,0.389732837878,0.566618955465
2012-09-08,1.16542756117,0.291356890293,-0.834572438826,46.0,0.368934109064,0.52895326999
2012-09-09,3.62231427333,0.402479363703,-0.877685726669,46.0,0.37361394496,0.624678028051
2012-09-10,2.85584167978,0.356980209973,-1.14415832022,45.4,0.358434843934,0.598657472868
2012-09-11,3.87176763237,0.322647302697,-2.12823236763,45.4,0.333715692486,0.560134213966
2012-09-12,4.33394125735,0.433394125735,-0.666058742648,44.9,0.36137157848,0.660678237364
2012-09-13,1.38685796215,0.277371592431,-1.11314203785,45.3,0.358574518908,0.527592936296
2012-09-14,7.42947385505,0.437027873826,-1.07052614495,45.5,0.365484220932,0.657753589472
2012-09-15,3.19790500857,0.399738126072,-0.802094991427,45.6,0.374035804152,0.64809644846
2012-09-16,3.15399740052,0.394249675066,-0.846002599476,45.5,0.388356278626,0.644354953873
2012-09-17,4.52232806988,0.37686067249,-1.47767193012,45.5,0.377049587977,0.627238037289
2012-09-18,12.3889137047,0.476496680952,-0.611086295258,45.3,0.416874605681,0.723087869793
2012-09-19,17.8603317394,0.425245993796,-3.13966826056,45.3,0.414518229675,0.695301780277
2012-09-20,7.98830654315,0.399415327158,-2.01169345685,45.2,0.414453669892,0.667027535232
2012-09-21,9.22491596563,0.384371498568,-2.77508403437,44.6,0.412478034593,0.645663388976
2012-09-22,9.74707851108,0.443049023231,-1.25292148892,44.8,0.425715704741,0.698244403711
2012-09-23,3.66032051486,0.332756410442,-1.83967948514,44.6,0.396967650639,0.599884455685
2012-09-24,5.21974836955,0.372839169254,-1.78025163045,44.9,0.38648628573,0.617427983586
2012-09-25,3.8589472502,0.38589472502,-1.1410527498,44.6,0.383782165303,0.631015227621
2012-09-26,4.43792640989,0.403447855444,-1.06207359011,44.9,0.387597436678,0.651149747003
2012-09-27,5.6909550538,0.474246254484,-0.309044946197,44.6,0.393836882929,0.727102410706
2012-09-28,2.1558576504,0.3593096084,-0.844142349601,44.6,0.39914752252,0.632074200317
2012-09-29,3.53372841513,0.441716051892,-0.466271584866,44.6,0.412922899048,0.694791441431
2012-09-30,2.80657757539,0.467762929231,-0.193422424611,44.6,0.42929653989,0.733808632583
2012-10-01,4.28822720429,0.389838836754,-1.21177279571,45.3,0.426574736152,0.667672983625
2012-10-02,6.05284132014,0.432345808581,-0.947158679862,45.7,0.418194646972,0.696444407109
2012-10-03,5.00524403964,0.455022185422,-0.494755960362,46.0,0.437337162376,0.724510123672
2012-10-04,8.70407774146,0.41447989245,-1.79592225854,46.0,0.431889930488,0.691768028943
2012-10-05,10.2649097308,0.410596389232,-2.23509026921,46.4,0.420456622488,0.681438792896
2012-10-06,3.45554983622,0.431943729527,-0.544450163784,47.0,0.428877601042,0.699490298666
2012-10-07,4.84054190933,0.403378492444,-1.15945809067,47.0,0.423084137815,0.674751614575
2012-10-08,8.66573577883,0.456091356781,-0.83426422117,47.4,0.423297972087,0.72187944175
2012-10-09,6.14286374743,0.361344926319,-2.35713625257,48.0,0.412670978861,0.637986356216
2012-10-10,8.36238505646,0.440125529288,-1.13761494353,47.6,0.418576806872,0.697698507411
2012-10-11,5.86836645692,0.366772903558,-2.13163354308,47.1,0.405542641678,0.636055126489
2012-10-12,8.72792075484,0.436396037742,-1.27207924516,47.3,0.412146150737,0.691783667883
2012-10-13,1.45047213991,0.290094427981,-1.04952786009,47.3,0.378946764978,0.556989426648
2012-10-14,6.9090858308,0.406416813577,-1.5909141692,47.4,0.387961142429,0.641231557411
2012-10-15,3.13129961712,0.34792217968,-1.36870038288,47.4,0.369520472508,0.597869376358
2012-10-16,4.25322023952,0.327170787656,-2.24677976048,47.4,0.361600049327,0.56765641881
2012-10-17,8.58952711094,0.409025100521,-1.91047288906,47.4,0.356125861883,0.640154142016
2012-10-18,6.90201596989,0.38344533166,-2.09798403011,47.7,0.374796042619,0.630311222915
2012-10-19,3.76975345236,0.418861494706,-0.730246547642,47.0,0.377284978845,0.665517028686
2012-10-20,5.79228794994,0.526571631813,0.292287949942,47.0,0.413014869271,0.782360266061
2012-10-21,3.53722821441,0.442153526802,-0.462771785587,46.9,0.4360114171,0.729018520048
2012-10-22,4.61152600091,0.384293833409,-1.38847399909,47.6,0.431065163678,0.664364721302
2012-10-23,8.44412084874,0.422206042437,-1.55587915126,48.0,0.438817305833,0.686651182683
2012-10-24,4.23102121335,0.384638292123,-1.26897878665,47.8,0.431972665317,0.652181894694
2012-10-25,8.43443029976,0.443917384198,-1.06556970024,47.9,0.415441815794,0.703013370703
2012-10-26,4.45356340138,0.342581800106,-2.04643659862,47.9,0.395527470455,0.612780923061
2012-10-27,4.77387685962,0.477387685962,-0.226123140379,47.9,0.414146240965,0.726785327593
2012-10-28,7.3789028077,0.409939044872,-1.6210971923,47.7,0.411692841452,0.684200104981
2012-10-29,3.5896032689,0.448700408612,-0.410396731104,47.6,0.42450526475,0.716248288341
2012-10-30,5.24323426753,0.403325712887,-1.25676573247,47.9,0.416386930488,0.678469238729
2012-10-31,3.73336280742,0.373336280742,-1.26663719258,47.4,0.422537826615,0.640554085858
2012-11-01,5.98575851355,0.39905056757,-1.51424148645,47.3,0.406870402937,0.655703019128
2012-11-02,4.94604852447,0.412170710373,-1.05395147553,47.3,0.407316736037,0.670381175534
2012-11-03,3.82286360872,0.347533055338,-1.67713639129,47.2,0.387083265382,0.609114884758
2012-11-04,9.78298050254,0.391319220102,-2.71701949746,47.4,0.384681966825,0.638040193061
2012-11-05,7.56327930956,0.398067332082,-1.93672069044,48.1,0.389628177093,0.649184004391
2012-11-06,6.71297411412,0.419560882132,-1.28702588588,48.1,0.393730240005,0.673543496396
