date,fav_sum,fav_mean,net_probability_subjective,polls,running_pos_avg,geom_avg
2011-02-01,3.70148185331,0.185074092666,-6.29851814669,47.5,0.185074092666,0.185074092666
2011-02-02,2.18365691054,0.242628545615,-2.31634308946,47.5,0.21385131914,0.288897068782
2011-02-03,2.62051304802,0.218376087335,-3.37948695198,47.5,0.215359575205,0.299597011813
2011-02-04,2.44616001073,0.222378182794,-3.05383998927,47.5,0.217114227102,0.31549806271
2011-02-05,1.42766043636,0.23794340606,-1.57233956364,47.5,0.221280062894,0.34036920927
2011-02-06,1.31201416042,0.0937152971727,-5.68798583958,47.5,0.203008303795,0.206404429966
2011-02-07,0.893274884516,0.111659360565,-3.10672511548,46.4,0.176814466785,0.194676725127
2011-02-08,0.4761715306,0.0432883209636,-5.0238284694,46.4,0.141796913511,0.119291950188
2011-02-09,0.966126091343,0.0743173916418,-5.53387390866,46.7,0.112184755281,0.129630772771
2011-02-10,2.52024357839,0.315030447298,-1.47975642161,46.7,0.127602163528,0.368553081325
2011-02-11,2.66137556834,0.221781297361,-3.33862443166,47.3,0.153215363566,0.333553965804
2011-02-12,0.260971032185,0.0652427580461,-1.73902896782,47.3,0.143932043062,0.179019508829
2011-02-13,1.51360385444,0.151360385444,-3.48639614556,47.3,0.165546455958,0.229667206514
2011-02-14,2.47763552089,0.190587347761,-4.02236447911,47.3,0.188800447182,0.276102350366
2011-02-15,5.4599353928,0.202219829363,-8.0400646072,47.3,0.166238323595,0.299756367841
2011-02-16,1.75885804814,0.159896186195,-3.74114195186,47.0,0.153861301362,0.265757457947
2011-02-17,0.513890867979,0.0734129811399,-2.98610913202,47.0,0.15549534598,0.173108062592
2011-02-18,1.54863128308,0.154863128308,-3.45136871692,47.0,0.156195894553,0.231032394074
2011-02-19,1.0859837223,0.120664858034,-3.4140162777,47.0,0.142211396608,0.206907780538
2011-02-20,0.249996511233,0.0833321704112,-1.25000348877,47.0,0.118433864818,0.164454323499
2011-02-21,1.59501519004,0.39875379751,-0.404984809961,47.0,0.166205387081,0.468361415976
2011-02-22,0.447287539958,0.111821884989,-1.55271246004,47.0,0.173887167851,0.254938537517
2011-02-23,0.291523770014,0.0485872950023,-2.70847622999,47.3,0.152632001189,0.151944380765
2011-02-24,1.21655269267,0.101379391056,-4.78344730733,47.3,0.148774907794,0.174780372485
2011-02-25,1.29485680256,0.0996043694275,-5.20514319744,47.3,0.152029347597,0.172492250508
2011-02-26,0.253955701763,0.0317444627204,-3.74604429824,47.3,0.0786274806392,0.102394231636
2011-02-27,0.634488769711,0.0793110962138,-3.36551123029,47.3,0.072125322884,0.131290777291
2011-02-28,0.399785819968,0.133261939989,-1.10021418003,47.3,0.0890602518814,0.188336429353
2011-03-01,1.82153588869,0.227691986086,-2.17846411131,47.3,0.114322770887,0.296362749332
2011-03-02,1.92272967555,0.240341209444,-2.07727032445,47.6,0.142470138891,0.33816397716
2011-03-03,1.493713132,0.124476094333,-4.506286868,47.6,0.161016465213,0.238796578269
2011-03-04,1.2709789369,0.105914911408,-4.7290210631,47.6,0.166337228252,0.20024273824
2011-03-05,0.173424564298,0.0247749377568,-3.3265754357,47.6,0.144639827806,0.107225262587
2011-03-06,0.0384946174337,0.00769892348673,-2.46150538257,47.6,0.100641215286,0.0644224250875
2011-03-07,1.76014592472,0.220018240589,-2.23985407528,47.6,0.0965766215149,0.260470681045
2011-03-08,0.821757418436,0.0747052198578,-4.67824258156,47.6,0.0866224466199,0.159440814772
2011-03-09,0.305254811097,0.0610509622195,-2.1947451889,47.6,0.0776496567821,0.127531378653
2011-03-10,0.305549583473,0.0436499404962,-3.19445041653,47.6,0.0814246573299,0.100065743666
2011-03-11,1.29517752158,0.259035504316,-1.20482247842,47.6,0.131691973496,0.306257371337
2011-03-12,0.14747425005,0.02949485001,-2.35252574995,47.6,0.0935872953799,0.12579167653
2011-03-13,0.227774805911,0.0759249353037,-1.27222519409,47.6,0.0938312384691,0.13581529964
2011-03-14,1.82779091611,0.304631819352,-1.17220908389,47.6,0.142547409896,0.362069857367
2011-03-15,0.392688175495,0.056098310785,-3.10731182451,47.6,0.145037083953,0.168673111018
2011-03-16,0.657272238907,0.164318059727,-1.34272776109,47.7,0.126093595035,0.238757521556
2011-03-17,4.15164352959,0.345970294132,-1.84835647041,47.7,0.18938868386,0.43314241374
2011-03-18,0.964226753381,0.0803522294484,-5.03577324662,47.7,0.190274142689,0.217839116183
2011-03-19,0.371767066414,0.0337970060377,-5.12823293359,47.7,0.136107180026,0.1276757431
2011-03-20,2.09336674219,0.149526195871,-4.90663325781,47.7,0.154792757043,0.215257206307
2011-03-21,0.43411068808,0.0542638360101,-3.56588931192,47.7,0.1327819123,0.135571918344
2011-03-22,0.545461966129,0.0606068851255,-3.95453803387,47.7,0.0757092304985,0.123327687251
2011-03-23,0.462836562002,0.0771394270003,-2.537163438,47.7,0.0750666700089,0.133228822703
2011-03-24,0.648273873729,0.049867221056,-5.85172612627,47.7,0.0782807130126,0.106131039508
2011-03-25,1.26494548827,0.158118186034,-2.73505451173,47.7,0.0799991110452,0.206786379334
2011-03-26,0.114919216656,0.0574596083278,-0.885080783344,47.7,0.0806382655088,0.129344989276
2011-03-27,2.90143241699,0.1934288278,-4.59856758301,47.7,0.107202654044,0.24976296907
2011-03-28,1.54329509911,0.171477233235,-2.95670490089,47.7,0.12607021529,0.255699417856
2011-03-29,1.02357985106,0.0930527137331,-4.47642014894,47.7,0.134707313826,0.183680690926
2011-03-30,0.220451105361,0.0314930150516,-3.27954889464,47.7,0.109382279629,0.106583788488
2011-03-31,2.41957383591,0.241957383591,-2.58042616409,47.3,0.146281834682,0.295649440252
2011-04-01,1.42737724154,0.142737724154,-3.57262275846,47.3,0.136143613953,0.239207654851
2011-04-02,0.969709585386,0.121213698173,-3.03029041461,47.3,0.126090906941,0.210681918338
2011-04-03,0.238154295033,0.0297692868791,-3.76184570497,47.3,0.11343422157,0.112417878768
2011-04-04,1.13935089651,0.0876423766547,-5.36064910349,47.3,0.12466409389,0.144789955326
2011-04-05,3.45916412622,0.15039844027,-8.04083587378,47.3,0.106352305226,0.210585940191
2011-04-06,1.1111344329,0.0854718794537,-5.3888655671,47.3,0.0948991362862,0.161372692462
2011-04-07,5.07888292538,0.282160162521,-3.92111707462,47.3,0.127088429156,0.348352902956
2011-04-08,1.92741112142,0.148262393955,-4.57258887858,47.3,0.150787050571,0.25985442481
2011-04-09,0.366302245708,0.0915755614271,-1.63369775429,47.3,0.151573687526,0.189574559527
2011-04-10,1.252391305,0.178913043571,-2.247608695,47.3,0.157276608186,0.258942829211
2011-04-11,1.04701084351,0.104701084351,-3.95298915649,47.3,0.161122449165,0.198942374677
2011-04-12,1.26769467013,0.158461833766,-2.73230532987,47.0,0.136382783414,0.239822663572
2011-04-13,1.88426503242,0.125617668828,-5.61573496758,47.0,0.131853838389,0.215206507329
2011-04-14,3.54531947051,0.177265973525,-6.45468052949,47.0,0.148991920808,0.261883876126
2011-04-15,2.19998174294,0.244442415883,-2.30001825706,46.9,0.162097795271,0.340034622096
2011-04-16,2.03773001177,0.291104287395,-1.46226998823,46.9,0.199378435879,0.408241855343
2011-04-17,3.86023112314,0.321685926929,-2.13976887686,46.9,0.232023254512,0.4606020593
2011-04-18,1.42622450608,0.203746358011,-2.07377549392,46.9,0.247648992349,0.36138770937
2011-04-19,1.81408339798,0.106710788117,-6.68591660202,47.0,0.233537955267,0.245054400095
2011-04-20,1.44445861899,0.0802477010548,-7.55554138101,46.2,0.200699012301,0.187751655609
2011-04-21,3.65512499012,0.281163460778,-2.84487500988,46.2,0.198710846978,0.368470756626
2011-04-22,3.24289897066,0.180161053925,-5.75710102934,46.2,0.170405872377,0.30737183177
2011-04-23,0.465438496839,0.155146165613,-1.03456150316,46.2,0.160685833898,0.273249688588
2011-04-24,1.22150379753,0.174500542505,-2.27849620247,46.2,0.174243784775,0.283625706539
2011-04-25,0.266675164658,0.0380964520939,-3.23332483534,46.2,0.165813534983,0.148166289993
2011-04-26,0.914962640029,0.101662515559,-3.58503735997,46.2,0.129913345939,0.17768191438
2011-04-27,1.19672078504,0.132968976116,-3.30327921496,46.2,0.120474930377,0.209653307292
2011-04-28,3.69164260929,0.12729802101,-10.8083573907,46.2,0.114905301457,0.210277434732
2011-04-29,5.16644105249,0.215268377187,-6.83355894751,46.2,0.123058868393,0.298777384318
2011-04-30,0.471671084272,0.0393059236893,-5.52832891573,46.2,0.123300762712,0.144860729475
2011-05-01,2.50088207934,0.250088207934,-2.49911792066,46.2,0.152985901187,0.321296495493
2011-05-02,4.70725793607,0.174342886521,-8.79274206393,46.2,0.161260683268,0.284004777784
2011-05-03,6.92809977059,0.209942417291,-9.57190022941,46.2,0.177789562524,0.316411904655
2011-05-04,2.56995525181,0.214162937651,-3.43004474819,46.2,0.177568474617,0.329508072004
2011-05-05,4.25076045024,0.250044732367,-4.24923954976,45.6,0.219716236353,0.370835071245
2011-05-06,3.81342504673,0.158892710281,-8.18657495327,46.6,0.201477136822,0.291804399673
2011-05-07,1.13159173909,0.125732415455,-3.36840826091,46.6,0.191755042609,0.241930872157
2011-05-08,1.37932534079,0.125393212799,-4.12067465921,46.6,0.17484520171,0.226910748659
2011-05-09,0.414535742,0.1036339355,-1.585464258,46.6,0.15273940128,0.198246440489
2011-05-10,1.19500817089,0.239001634179,-1.30499182911,46.6,0.150530781643,0.324295051159
2011-05-11,0.784110996865,0.0461241762862,-7.71588900314,47.9,0.127977074844,0.160402506995
2011-05-12,1.05757602393,0.176262670655,-1.94242397607,47.9,0.138083125884,0.254350690689
2011-05-13,1.91354952051,0.159462460043,-4.08645047949,47.9,0.144896975332,0.255064995564
2011-05-14,1.06813236804,0.133516546005,-2.93186763196,47.9,0.150873497433,0.231258023873
2011-05-15,0.325241241907,0.0542068736512,-2.67475875809,47.9,0.113914545328,0.14665825467
2011-05-16,1.55057395296,0.38764348824,-0.44942604704,48.4,0.182218407719,0.458077230451
2011-05-17,0.781478276792,0.130246379465,-2.21852172321,48.4,0.173015149481,0.274035338045
2011-05-18,1.34931138221,0.192758768888,-2.15068861779,48.4,0.17967441125,0.303536069581
2011-05-19,1.63547539868,0.148679581698,-3.86452460132,48.4,0.182707018388,0.263629393121
2011-05-20,2.63482592351,0.154989760207,-5.86517407649,48.4,0.202863595699,0.2605267535
2011-05-21,1.74522999732,0.290871666219,-1.25477000268,48.4,0.183509231295,0.394046320673
2011-05-22,0.957266935997,0.136752419428,-2.542733064,48.4,0.184810439288,0.272524418061
2011-05-23,2.44634661112,0.152896663195,-5.55365338888,48.4,0.176838018149,0.26439115987
2011-05-24,2.05203285482,0.128252053426,-5.94796714518,48.4,0.172752512495,0.234598210208
2011-05-25,1.65959924797,0.118542803426,-5.34040075203,48.4,0.165463121139,0.215945635686
2011-05-26,3.14234323849,0.209489549232,-4.35765676151,48.6,0.149186697742,0.300075945444
2011-05-27,2.23468228374,0.171898637211,-4.26531771626,48.6,0.156215941298,0.28154275801
2011-05-28,0.105933470174,0.0353111567248,-1.39406652983,48.6,0.132698840004,0.143348044498
2011-05-29,0.11375514341,0.0189591905683,-2.88624485659,48.6,0.110840267433,0.0927690113598
2011-05-30,0.178093090133,0.0222616362667,-3.82190690987,48.6,0.0915840340006,0.0769429715164
2011-05-31,0.126066687837,0.0210111146394,-2.87393331216,48.6,0.053888347082,0.0663155866283
2011-06-01,1.2415343875,0.12415343875,-3.7584656125,48.6,0.0443393073898,0.163158850954
2011-06-02,0.957927845839,0.0736867573722,-5.54207215416,48.9,0.0520144275193,0.134207700961
2011-06-03,2.25503453422,0.187919544518,-3.74496546578,48.9,0.0858064983093,0.244188984992
2011-06-04,0.479701243951,0.0685287491359,-3.02029875605,48.9,0.0950599208831,0.151847773292
2011-06-05,0.853988226577,0.106748528322,-3.14601177342,48.9,0.11220740362,0.172042445921
2011-06-06,2.11255620506,0.162504323466,-4.38744379494,48.9,0.119877580563,0.230590924575
2011-06-07,2.25657370829,0.188047809024,-3.74342629171,48.0,0.142749790893,0.270911740622
2011-06-08,0.65131738305,0.0501013371577,-5.84868261695,47.9,0.115186149421,0.145895025562
2011-06-09,0.705881144436,0.0784312382706,-3.79411885556,48.2,0.117166647248,0.146225295861
2011-06-10,0.39598266042,0.079196532084,-2.10401733958,48.2,0.111656248001,0.142648681309
2011-06-11,0.110641132634,0.0276602831586,-1.88935886737,48.2,0.0846874399391,0.0884292226874
2011-06-12,0.300360407464,0.0600720814928,-2.19963959254,48.2,0.0590922944328,0.106143489533
2011-06-13,1.90403928476,0.190403928476,-3.09596071524,48.2,0.0871528126964,0.237578512932
2011-06-14,3.2646288304,0.32646288304,-1.7353711696,48.2,0.13675914165,0.405665343105
2011-06-15,1.17752792309,0.0785018615393,-6.32247207691,48.0,0.136620207541,0.205450496773
2011-06-16,0.559260363288,0.0798943376126,-2.94073963671,48.0,0.147067018432,0.167418077244
2011-06-17,0.982124478576,0.109124942064,-3.51787552142,48.0,0.156877590546,0.182555602451
2011-06-18,1.3574496762,0.13574496762,-3.6425503238,48.0,0.145945798375,0.209682770579
2011-06-19,1.45969731407,0.132699755824,-4.04030268593,48.0,0.107193172932,0.212701529679
2011-06-20,2.17388129317,0.271735161646,-1.82611870683,48.0,0.145839832953,0.353355449326
2011-06-21,1.38273332633,0.115227777194,-4.61726667367,48.0,0.15290652087,0.232478775876
2011-06-22,1.6226984294,0.135224869117,-4.3773015706,48.0,0.15812650628,0.229326153293
2011-06-23,1.96805506185,0.109336392325,-7.03194493815,48.0,0.152844791221,0.200088811971
2011-06-24,3.39039899513,0.199435235008,-5.10960100487,48.0,0.166191887058,0.281967792052
2011-06-25,1.17057707636,0.167225296624,-2.32942292364,48.0,0.145289914054,0.268445414871
2011-06-26,0.634643647763,0.0634643647763,-4.36535635224,48.0,0.13493723157,0.164460832438
2011-06-27,0.671499360112,0.111916560019,-2.32850063989,47.9,0.13027556975,0.187640212056
2011-06-28,1.56468608047,0.195585760059,-2.43531391953,47.9,0.147525443297,0.27253988761
2011-06-29,0.959079285683,0.11988491071,-3.04092071432,47.6,0.131615378437,0.217191069554
2011-06-30,2.18434513773,0.182028761477,-3.81565486227,47.6,0.134576071408,0.269021750398
2011-07-01,0.700705161494,0.0875881451867,-3.29929483851,47.6,0.13940082749,0.186351481753
2011-07-02,0.689457994854,0.172364498714,-1.31054200515,47.6,0.151490415229,0.25256735683
2011-07-03,1.03650418133,0.148072025905,-2.46349581867,47.6,0.141987668398,0.241778154503
2011-07-04,1.20120398732,0.133467109702,-3.29879601268,47.6,0.144704108197,0.226402375321
2011-07-05,2.12214062894,0.212214062894,-2.87785937106,47.6,0.15074116848,0.301558664178
2011-07-06,1.35986774642,0.0906578497615,-6.14013225358,47.6,0.151355109395,0.198227289709
2011-07-07,1.21758545202,0.110689586547,-4.28241454798,47.6,0.139020126962,0.195862357846
2011-07-08,1.14804374593,0.143505468241,-2.85195625407,47.6,0.138106815429,0.224651883792
2011-07-09,1.36926487408,0.342316218519,-0.630735125923,47.6,0.179876637193,0.42915336765
2011-07-10,2.13482567158,0.266853208947,-1.86517432842,47.6,0.190804466403,0.405415476532
2011-07-11,1.10589084777,0.0921575706476,-4.89410915223,47.6,0.191104410581,0.234882221195
2011-07-12,2.22153492324,0.158681065946,-4.77846507676,47.6,0.20070270646,0.262283646307
2011-07-13,1.08362212325,0.154803160465,-2.41637787675,47.6,0.202962244905,0.25917277901
2011-07-14,2.76989807627,0.153883226459,-6.23010192373,47.6,0.165275646493,0.256465518803
2011-07-15,1.21320384814,0.0933233729337,-5.28679615186,47.6,0.13056967929,0.194520061324
2011-07-16,1.52891826044,0.169879806716,-2.97108173956,47.6,0.146114126504,0.255073166675
2011-07-17,0.229867681724,0.0383112802873,-2.77013231828,47.6,0.122040169372,0.135342308524
2011-07-18,0.681234801736,0.0756927557485,-3.81876519826,47.6,0.106218088429,0.144158181236
2011-07-19,0.100158096523,0.0166930160871,-2.89984190348,47.5,0.0787800463544,0.081967328809
2011-07-20,3.05360596417,0.160716103377,-6.44639403583,46.7,0.0922585924431,0.208347645333
2011-07-21,4.42121207968,0.27632575498,-3.57878792032,46.9,0.113547782096,0.351221554671
2011-07-22,3.97914291544,0.28422449396,-3.02085708456,46.9,0.16273042483,0.398681933537
2011-07-23,1.83380662813,0.203756292014,-2.66619337187,46.9,0.188343132084,0.338392004347
2011-07-24,0.430661932166,0.0538327415208,-3.56933806783,46.9,0.19577107717,0.179558338012
2011-07-25,1.91806132917,0.27400876131,-1.58193867083,46.9,0.218429608757,0.360402195797
2011-07-26,1.98538754781,0.152722119063,-4.51461245219,46.9,0.193708881574,0.277336516551
2011-07-27,0.882696089069,0.147116014845,-2.11730391093,46.9,0.166287185751,0.256814988419
2011-07-28,0.804543813708,0.134090635618,-2.19545618629,46.9,0.152354054471,0.237113182845
2011-07-29,1.45359049206,0.132144590187,-4.04640950794,46.9,0.168016424205,0.228796701064
2011-07-30,1.29425917768,0.215709862946,-1.70574082232,46.9,0.156356644532,0.308700579693
2011-07-31,1.67968305829,0.209960382286,-2.32031694171,46.9,0.167804297176,0.321748045193
2011-08-01,1.35303643581,0.135303643581,-3.64696356419,46.9,0.165441822924,0.253593212051
2011-08-02,3.2492703637,0.295388214882,-2.2507296363,46.9,0.197701338776,0.398669150126
2011-08-03,2.97521316888,0.212515226349,-4.02478683112,46.9,0.213775466009,0.349832384767
2011-08-04,4.19109788805,0.199576089907,-6.30890211195,46.9,0.210548711401,0.330881259952
2011-08-05,2.6067844929,0.17378563286,-4.8932155071,46.9,0.203313761516,0.300820852865
2011-08-06,1.07653038112,0.179421730186,-1.92346961888,46.9,0.212137378837,0.298599684564
2011-08-07,0.619905479434,0.103317579906,-2.38009452057,46.9,0.173723251841,0.220529745106
2011-08-08,0.627943388807,0.209314462936,-0.872056611193,46.9,0.173083099159,0.306354879114
2011-08-09,2.73259328503,0.303621476114,-1.76740671497,46.9,0.1938921764,0.418016727653
2011-08-10,0.492824450511,0.0985648901022,-2.00717554949,46.3,0.178848027849,0.243126504122
2011-08-11,3.68611472084,0.245740981389,-3.81388527916,46.6,0.192111878089,0.352818517211
2011-08-12,5.22263748449,0.373045534607,-1.77736251551,46.8,0.24605746903,0.50196849154
2011-08-13,0.693741548541,0.0770823942823,-3.80625845146,46.8,0.219611055299,0.246408348706
2011-08-14,1.93735621224,0.16144635102,-4.06264378776,46.8,0.19117603028,0.27543371781
2011-08-15,1.1041782347,0.11041782347,-3.8958217653,46.8,0.193546616954,0.223345463446
2011-08-16,1.06689667787,0.106689667787,-3.93310332213,46.8,0.165736354233,0.20471773699
2011-08-17,1.65340725338,0.137783937782,-4.34659274662,46.8,0.118684034868,0.227554186099
2011-08-18,1.14027613479,0.142534516849,-2.85972386521,46.8,0.131774459382,0.235273621312
2011-08-19,1.85326470936,0.084239304971,-9.14673529064,46.8,0.116333050172,0.178466999908
2011-08-20,0.419054628924,0.0598649469892,-3.08094537108,46.8,0.106222474876,0.139764786243
2011-08-21,0.156628158146,0.0261046930244,-2.84337184185,46.8,0.0901054799231,0.09332510683
2011-08-22,1.05139104609,0.131423880762,-2.94860895391,46.1,0.0888334685191,0.183638867683
2011-08-23,1.98730395025,0.141950282161,-5.01269604975,46.1,0.0887166215815,0.212653729982
2011-08-24,0.397176395519,0.0661960659199,-2.60282360448,45.8,0.0851079737712,0.146302478271
2011-08-25,1.63169485637,0.233099265196,-1.86830514363,45.8,0.119754837413,0.29859415504
2011-08-26,0.355522051361,0.118507350454,-1.14447794864,45.7,0.138235368898,0.219648647901
2011-08-27,1.37498262134,0.124998420122,-4.12501737866,45.7,0.13695027677,0.212692468013
2011-08-28,0.827726804002,0.137954467334,-2.172273196,45.7,0.136151113805,0.22282261813
2011-08-29,1.74221139878,0.134016261445,-4.75778860122,45.7,0.14971515291,0.220841245137
2011-08-30,0.80912236841,0.080912236841,-4.19087763159,45.7,0.119277747239,0.167508417971
2011-08-31,3.25647322643,0.325647322643,-1.74352677357,45.5,0.160705741677,0.39892448076
2011-09-01,3.277105916,0.148959359818,-7.722894084,44.8,0.165497929616,0.277512719342
2011-09-02,2.83270379472,0.202335985337,-4.16729620528,44.8,0.178374233217,0.31059015993
2011-09-03,0.377529570935,0.0419477301039,-4.12247042906,44.8,0.159960526949,0.157083499861
2011-09-04,0.198861134471,0.0165717612059,-5.80113886553,44.8,0.147092431822,0.0948070967178
2011-09-05,1.5992767015,0.199909587688,-2.4007232985,44.8,0.121944884831,0.255954576849
2011-09-06,4.34317927874,0.241287737708,-4.65682072126,45.0,0.140410560409,0.331704425363
2011-09-07,0.547365148368,0.0497604680335,-4.95263485163,45.0,0.109895456948,0.163923544338
2011-09-08,2.51229020899,0.12561451045,-7.48770979101,45.0,0.126628813017,0.203286690835
2011-09-09,2.62634493998,0.125064044761,-7.87365506002,45.0,0.148327269728,0.207006855084
2011-09-10,1.04048888623,0.104048888623,-3.95951111377,45.0,0.129155129915,0.186566475269
2011-09-11,1.46134195227,0.243556992045,-1.53865804773,45.0,0.129608980782,0.320797293448
2011-09-12,1.11401957626,0.111401957626,-3.88598042374,45.0,0.141937278701,0.221031778915
2011-09-13,1.15767616356,0.115767616356,-3.84232383644,45.2,0.139967899882,0.206375836356
2011-09-14,3.47122218968,0.150922703899,-8.02877781032,45.7,0.14513963171,0.235657782321
2011-09-15,2.07557316055,0.138371544037,-5.42442683945,46.0,0.152004162792,0.228975410728
2011-09-16,2.08188495213,0.130117809508,-5.91811504787,46.0,0.129316326285,0.219798325727
2011-09-17,0.288297813975,0.0480496356625,-2.71170218603,46.0,0.116645861892,0.135382420911
2011-09-18,2.09945023864,0.233272248738,-2.40054976136,46.0,0.140146788369,0.299041136773
2011-09-19,1.49416577754,0.135833252503,-4.00583422246,46.3,0.13712889809,0.238199144383
2011-09-20,4.95891528115,0.260995541113,-4.54108471885,46.9,0.161653697505,0.354073990652
2011-09-21,2.50509424482,0.167006282988,-4.99490575518,47.2,0.169031392201,0.288578286893
2011-09-22,1.31299874582,0.164124843228,-2.68700125418,47.2,0.192246433714,0.274950609258
2011-09-23,2.02647564133,0.184225058302,-3.47352435867,47.2,0.182436995627,0.291132137676
2011-09-24,0.256000879857,0.0640002199643,-1.74399912014,47.2,0.168070389119,0.174415786861
2011-09-25,1.53574325236,0.090337838374,-6.96425674764,47.2,0.133938848571,0.172262304669
2011-09-26,2.66674240469,0.166671400293,-5.33325759531,47.4,0.133871872032,0.24276862922
2011-09-27,1.61297579057,0.0806487895285,-8.38702420943,47.4,0.117176661292,0.171905311805
2011-09-28,2.98019265735,0.19867951049,-4.51980734265,47.1,0.12006755173,0.274252372849
2011-09-29,2.7032565652,0.142276661326,-6.7967434348,47.1,0.135722840002,0.24068422701
2011-09-30,0.317030708237,0.0528384513728,-2.68296929176,46.9,0.128222962602,0.146543174953
2011-10-01,1.20654160701,0.0928108928468,-5.29345839299,46.9,0.113450861113,0.162879847853
2011-10-02,0.165876921953,0.0331753843907,-2.33412307805,46.9,0.103956180085,0.102826328208
2011-10-03,0.411188515385,0.0685314192309,-2.58881148461,46.2,0.0779265618334,0.121910462579
2011-10-04,1.20333650807,0.120333650807,-3.79666349193,45.8,0.0735379597296,0.174733640228
2011-10-05,3.39572229047,0.261209406959,-3.10427770953,45.3,0.115212150847,0.3278091812
2011-10-06,0.760257246398,0.15205144928,-1.7397427536,45.6,0.127060262133,0.258692207988
2011-10-07,1.81057170298,0.100587316832,-7.18942829702,45.6,0.140542648622,0.197974855534
2011-10-08,1.13296036073,0.141620045091,-2.86703963927,45.6,0.155160373794,0.224152710772
2011-10-09,2.70026757434,0.180017838289,-4.79973242566,45.6,0.16709721129,0.266713443685
2011-10-10,4.33009824067,0.393645294606,-1.16990175933,45.6,0.19358438882,0.491349816893
2011-10-11,3.11556403801,0.239658772155,-3.38443596199,45.3,0.211105853395,0.395732586795
2011-10-12,2.41079743932,0.160719829288,-5.08920256068,45.5,0.223132355886,0.304857283803
2011-10-13,2.10466075306,0.263082594133,-1.89533924694,45.8,0.247424865694,0.38555435338
2011-10-14,3.72192286859,0.218936639329,-4.77807713141,45.8,0.255208625902,0.358429993471
2011-10-15,0.197994738586,0.0329991230977,-2.80200526141,45.8,0.1830793916,0.168619292115
2011-10-16,1.19260921944,0.397536406479,-0.307390780563,45.8,0.214654918465,0.4858205671
2011-10-17,0.547061984974,0.0455884987479,-5.45293801503,45.8,0.191628652357,0.204265650894
2011-10-18,3.47118611277,0.173559305639,-6.52881388723,45.8,0.173723994658,0.273302211723
2011-10-19,2.0938804017,0.161067723208,-4.4061195983,46.0,0.162150211434,0.269299435056
2011-10-20,0.683647097252,0.0683647097252,-4.31635290275,45.8,0.16922332876,0.17539072517
2011-10-21,0.797515679305,0.0531677119537,-6.7024843207,45.8,0.100349589855,0.136157490398
2011-10-22,0.761601871591,0.126933645265,-2.23839812841,45.8,0.116618619158,0.195182529461
2011-10-23,0.581818304603,0.145454576151,-1.4181816954,45.8,0.110997673261,0.224180818843
2011-10-24,2.2278738965,0.247541544055,-2.2721261035,45.8,0.12829243743,0.334070350126
2011-10-25,1.39005553174,0.126368684703,-4.10994446826,45.8,0.139893232426,0.241622727213
2011-10-26,1.23213925891,0.136904362101,-3.26786074109,45.7,0.156640562455,0.234782502412
2011-10-27,1.33418432197,0.095298880141,-5.66581567803,45.7,0.15031360943,0.189585410336
2011-10-28,1.71070401492,0.122193143923,-5.28929598508,45.7,0.145661322985,0.204258551169
2011-10-29,0.345849550005,0.069169910001,-2.15415044999,45.7,0.109986996174,0.152287701483
2011-10-30,0.895962758149,0.149327126358,-2.10403724185,45.7,0.114578684505,0.218907277713
2011-10-31,1.11339658084,0.185566096806,-1.88660341916,45.7,0.124311031446,0.268848416972
2011-11-01,1.57737281121,0.131447734268,-4.42262718879,45.7,0.131540802271,0.228964046542
2011-11-02,1.6919797452,0.33839594904,-0.808020254802,45.9,0.174781363295,0.428937580132
2011-11-03,0.949953663416,0.105550407046,-3.55004633658,45.9,0.182057462704,0.245508731429
2011-11-04,2.64892294532,0.220743578777,-3.35107705468,45.7,0.196340753187,0.32443717398
2011-11-05,0.673377751056,0.134675550211,-1.82662224894,45.7,0.186162643868,0.253657867462
2011-11-06,2.42031602854,0.242031602854,-2.57968397146,45.7,0.208279417586,0.345664761729
2011-11-07,4.61526584405,0.307684389603,-2.88473415595,46.0,0.202137105698,0.43198344159
2011-11-08,0.190320366573,0.0271886237961,-3.30967963343,46.0,0.186464749048,0.176633711266
2011-11-09,1.52671930549,0.109051378963,-5.47328069451,46.0,0.164126309086,0.20047670671
2011-11-10,1.17817755853,0.235635511706,-1.32182244147,46.0,0.184318301385,0.323522797629
2011-11-11,2.96929054738,0.197952703158,-4.53070945262,46.1,0.175502521445,0.313804664397
2011-11-12,1.78942275167,0.255631821667,-1.71057724833,46.1,0.165092007858,0.373419834616
2011-11-13,1.02356506858,0.146223581226,-2.47643493142,45.8,0.188898999344,0.280190586406
2011-11-14,1.39244942217,0.174056177771,-2.60755057783,46.2,0.201899959106,0.288328563611
2011-11-15,1.40134313901,0.0824319493534,-7.09865686099,46.1,0.171259246635,0.196006282224
2011-11-16,0.834305182286,0.0927005758096,-3.66569481771,45.9,0.150208821165,0.182596127934
2011-11-17,3.80367490685,0.211315272603,-5.19632509315,46.2,0.141345511353,0.293075613307
2011-11-18,0.991106669608,0.0825922224673,-5.00889333039,46.2,0.128619239601,0.18907909772
2011-11-19,0.880261338153,0.125751619736,-2.61973866185,46.2,0.118958327994,0.209987051133
2011-11-20,0.45950911128,0.045950911128,-4.54049088872,46.2,0.111662120349,0.131799000547
2011-11-21,1.61575510637,0.161575510637,-3.38424489363,46.2,0.125437107314,0.227277961986
2011-11-22,1.15683152937,0.0642684182982,-7.84316847063,46.1,0.0960277364533,0.149558194789
2011-11-23,1.53384419299,0.153384419299,-3.46615580701,46.2,0.11018617582,0.221756669462
2011-11-24,0.514896065616,0.171632021872,-0.985103934384,46.2,0.119362256247,0.255106248945
2011-11-25,1.45076594379,0.111597380292,-5.04923405621,46.2,0.13249155008,0.205517142505
2011-11-26,0.881979289668,0.220494822417,-1.11802071033,46.3,0.144275412436,0.304398179301
2011-11-27,2.37698653044,0.216089684585,-3.12301346956,45.9,0.174639665693,0.323407098185
2011-11-28,0.903384142022,0.15056402367,-2.09661585798,45.9,0.174075586567,0.266948171888
2011-11-29,2.17827026958,0.242030029954,-2.32172973042,45.9,0.188155188184,0.347190605971
2011-11-30,6.28548061143,0.196421269107,-9.71451938857,45.9,0.205119965947,0.320472626266
2011-12-01,2.51179720611,0.209316433843,-3.48820279389,45.9,0.202884288232,0.330321905918
2011-12-02,3.48440576095,0.21777536006,-4.51559423905,45.6,0.203221423327,0.341705951485
2011-12-03,2.26167542798,0.376945904663,-0.738324572024,45.6,0.248497799525,0.504685298442
2011-12-04,0.0258575992954,0.0129287996477,-0.974142400705,45.6,0.202677553464,0.182584976943
2011-12-05,0.499858046117,0.124964511529,-1.50014195388,45.6,0.188386201948,0.222725921778
2011-12-06,3.39320620226,0.226213746818,-4.10679379774,45.6,0.191765664543,0.322531003561
2011-12-07,3.94108674346,0.246317921466,-4.05891325654,45.6,0.197474176825,0.364820881735
2011-12-08,3.43660050264,0.214787531415,-4.56339949736,45.9,0.165042502175,0.347078626318
2011-12-09,1.77460739482,0.110912962176,-6.22539260518,45.9,0.184639334681,0.242035877549
2011-12-10,0.145249609785,0.0726248048925,-0.854750390215,45.9,0.174171393353,0.178200797301
2011-12-11,0.705814280984,0.100830611569,-2.79418571902,45.9,0.149094766304,0.185884827604
2011-12-12,2.67252851447,0.334066064308,-1.32747148553,45.9,0.166644394872,0.415966928685
2011-12-13,1.71358279673,0.122398771195,-5.28641720327,46.0,0.148166642828,0.259657109662
2011-12-14,1.02880265503,0.0857335545854,-4.97119734497,46.4,0.14313076131,0.193727266337
2011-12-15,2.53751712693,0.211459760578,-3.46248287307,46.4,0.170897752447,0.299623179336
2011-12-16,0.659163779953,0.109860629992,-2.34083622005,46.4,0.172703756132,0.220146447631
2011-12-17,0.750271007628,0.0937838759535,-3.24972899237,46.4,0.124647318461,0.187302522072
2011-12-18,0.802317260089,0.0729379327354,-4.69768273991,46.4,0.114755150769,0.155566191534
2011-12-19,0.276692405602,0.0461154009337,-2.7233075944,46.4,0.106831520039,0.118029433851
2011-12-20,1.0369835138,0.0864152928164,-4.9630164862,46.9,0.0818226264862,0.145969794685
2011-12-21,1.30332657064,0.260665314128,-1.19667342936,46.9,0.111983563313,0.323763995763
2011-12-22,1.50922411661,0.21560344523,-1.99077588339,47.1,0.136347477169,0.322612187596
2011-12-23,0.647286836285,0.161821709071,-1.35271316371,47.1,0.154124232436,0.276568338305
2011-12-24,0.269199799921,0.0672999499802,-1.73080020008,47.1,0.158361142245,0.173967536032
2011-12-25,0.493872389018,0.164624129673,-1.00612761098,47.1,0.174002909616,0.2453140211
2011-12-26,2.11977618941,0.235530687712,-2.38022381059,47.1,0.168975984333,0.329237437457
2011-12-27,1.19392066107,0.238784132213,-1.30607933893,47.1,0.17361212173,0.354836362834
2011-12-28,1.62270327151,0.231814753073,-1.87729672849,47.1,0.18761073053,0.358776501419
2011-12-29,1.85003819012,0.185003819012,-3.14996180988,46.6,0.211151504337,0.316282881885
2011-12-30,1.04377508842,0.208755017684,-1.45622491158,46.6,0.219977681939,0.331404276809
2011-12-31,1.03199094916,0.206398189832,-1.46800905084,46.6,0.214151182363,0.332003384756
2012-01-01,2.15402649154,0.134626655721,-5.84597350846,46.6,0.193319687065,0.261017195924
2012-01-02,0.2141107674,0.0713702557999,-1.2858892326,46.6,0.16123078761,0.180452475913
2012-01-03,3.13874993728,0.224196424092,-3.86125006272,46.6,0.169069308626,0.310012614179
2012-01-04,3.40368781953,0.179141464186,-6.09631218047,46.6,0.163146597926,0.292088773796
2012-01-05,1.08773472656,0.120859414062,-3.41226527344,46.9,0.146038842772,0.233072680555
2012-01-06,4.72868445317,0.225175450151,-5.77131554683,46.9,0.164148601658,0.323161024971
2012-01-07,1.83669784348,0.131192703106,-5.16330215652,46.9,0.176113091119,0.249135628284
2012-01-08,2.85031657172,0.259119688338,-2.64968342828,46.9,0.183097743969,0.361789646876
2012-01-09,1.15422711189,0.104929737444,-4.34577288811,46.7,0.16825539862,0.233535521864
2012-01-10,3.03814926432,0.112524046827,-10.4618507357,46.7,0.166588325173,0.213637008785
2012-01-11,2.31406956412,0.178005351086,-4.18593043588,46.9,0.15715430536,0.269956657822
2012-01-12,3.11350554598,0.172972530332,-5.88649445402,46.9,0.165510270805,0.276329793956
2012-01-13,1.81310478089,0.151092065074,-4.18689521911,46.9,0.143904746153,0.257406535315
2012-01-14,2.39175776016,0.14948486001,-5.60824223984,46.9,0.152815770666,0.25180441599
2012-01-15,1.84428588517,0.167662353197,-3.65571411483,47.3,0.16384343194,0.267981767553
2012-01-16,3.47982850165,0.316348045605,-2.02017149835,46.2,0.191511970844,0.420181988851
2012-01-17,1.22813076935,0.0877236263819,-5.77186923065,46.5,0.174462190054,0.230116461225
2012-01-18,2.11026650895,0.191842409905,-3.38973349105,46.9,0.18261225902,0.294305078425
2012-01-19,7.13874784593,0.246163718825,-7.36125215407,46.9,0.201948030783,0.358959242603
2012-01-20,1.83134975217,0.140873057859,-4.66865024783,46.9,0.196590171715,0.270741011952
2012-01-21,0.94660164149,0.0860546946809,-4.55339835851,46.9,0.15053150153,0.197309541352
2012-01-22,0.967651389347,0.0744347222575,-5.53234861065,46.9,0.147873720705,0.164659701316
2012-01-23,2.65669642009,0.265669642009,-2.34330357991,47.0,0.162639167126,0.343137522596
2012-01-24,4.62216554627,0.200963719403,-6.87783445373,47.1,0.153599167242,0.319283250153
2012-01-25,7.91171308968,0.146513205364,-19.0882869103,47.1,0.154727196743,0.265519546662
2012-01-26,3.42602703609,0.0901586062129,-15.5739729639,47.3,0.155547979049,0.197302905474
2012-01-27,2.52515390738,0.09712130413,-10.4748460926,47.2,0.160085295424,0.185539464548
2012-01-28,2.56111204717,0.160069502948,-5.43888795283,47.3,0.138965267612,0.241622334889
2012-01-29,1.12893699121,0.102630635564,-4.37106300879,47.2,0.119298650844,0.195793592856
2012-01-30,0.913136839669,0.0760947366391,-5.08686316033,47.5,0.105214957099,0.159177922706
2012-01-31,6.24049181251,0.367087753677,-2.25950818749,47.5,0.160600786592,0.43917853689
2012-02-01,1.9555452595,0.10292343471,-7.5444547405,47.5,0.161761212708,0.242327881004
2012-02-02,3.13402428417,0.164948646536,-6.36597571583,47.4,0.162737041425,0.267349681771
2012-02-03,2.32373109057,0.211248280961,-3.17626890943,47.3,0.184460570504,0.315757388356
2012-02-04,2.30832093205,0.32976013315,-1.19167906795,47.4,0.235193649807,0.446240732102
2012-02-05,4.16295982131,0.244879989489,-4.33704017869,47.7,0.210752096969,0.39628621588
2012-02-06,3.65545753846,0.28118904142,-2.84454246154,48.5,0.246405218311,0.427538590808
2012-02-07,3.90522430781,0.17751019581,-7.09477569219,48.3,0.248917528166,0.33284772597
2012-02-08,3.233261768,0.146966444,-7.766738232,48.1,0.236061160774,0.281211188983
2012-02-09,6.24132118329,0.240050814742,-6.75867881671,48.3,0.218119297092,0.358312157468
2012-02-10,4.11233463125,0.228463035069,-4.88766536875,48.4,0.214835906208,0.362411577829
2012-02-11,4.85609391568,0.242804695784,-5.14390608432,48.3,0.207159037081,0.379888622938
2012-02-12,0.897778128994,0.0997531254437,-3.60222187101,48.1,0.191607623008,0.242231868592
2012-02-13,3.98101597315,0.189572189198,-6.51898402685,48.6,0.200128772047,0.299038432503
2012-02-14,5.69569894816,0.21906534416,-7.30430105184,48.8,0.195931677931,0.336797879408
2012-02-15,3.28283945771,0.109427981924,-11.7171605423,48.9,0.172124667302,0.236752615438
2012-02-16,2.20724008232,0.116170530649,-7.29275991768,49.1,0.146797834275,0.220128752963
2012-02-17,2.939613689,0.172918452294,-5.560386311,49.2,0.161430899645,0.268522719257
2012-02-18,2.13674720462,0.164365169586,-4.36325279538,49.3,0.156389495723,0.269356129612
2012-02-19,4.41138365824,0.401034878022,-1.08861634176,49.1,0.192783402495,0.507098733883
2012-02-20,3.81317165658,0.21184286981,-5.18682834342,49.0,0.213266380072,0.377516318833
2012-02-21,2.66014917773,0.266014917773,-2.33985082227,48.9,0.243235257497,0.410839421054
2012-02-22,5.4680326722,0.497093879291,-0.0319673278032,49.1,0.308070342896,0.64925606021
2012-02-23,2.8596029858,0.136171570753,-7.6403970142,49.0,0.30243162313,0.349732022659
2012-02-24,3.20694964268,0.160347482134,-6.79305035732,48.9,0.254294143952,0.311687846065
2012-02-25,0.513068124679,0.0513068124679,-4.48693187532,48.9,0.222186932484,0.184706727731
2012-02-26,1.0706849251,0.133835615638,-2.9293150749,48.6,0.195751072057,0.230621637204
2012-02-27,1.81769605634,0.227212007042,-2.18230394366,48.9,0.141774697607,0.327014095859
2012-02-28,3.42486172108,0.180255880057,-6.07513827892,49.0,0.150591559468,0.302230910564
2012-02-29,2.49774712645,0.113533960293,-8.50225287355,48.7,0.1412288551,0.23253464626
2012-03-01,1.98036284797,0.141454489141,-5.01963715203,49.0,0.159258390434,0.242942696466
2012-03-02,4.42829197236,0.246016220687,-4.57170802764,49.3,0.181694511444,0.346658554718
2012-03-03,1.78070135406,0.127192953862,-5.21929864594,49.1,0.161690700808,0.252624454447
2012-03-04,2.20489797058,0.275612246322,-1.79510202942,49.1,0.180761974061,0.381808679722
2012-03-05,1.80660940645,0.112913087903,-6.19339059355,49.0,0.180637799583,0.248624957272
2012-03-06,3.34997396729,0.133998958692,-9.15002603271,49.4,0.179146693493,0.241540000345
2012-03-07,3.34120890459,0.159105185933,-7.15879109541,49.5,0.161764486542,0.26066076414
2012-03-08,4.36575206594,0.256808945055,-4.13424793406,49.4,0.187687684781,0.361082231514
2012-03-09,2.91118796462,0.153220419191,-6.58881203538,49.2,0.163209319355,0.282428191517
2012-03-10,0.834073313427,0.092674812603,-3.66592668657,48.8,0.159161664295,0.206838748116
2012-03-11,1.62055385575,0.162055385575,-3.37944614425,48.0,0.164772949671,0.255538513703
2012-03-12,1.7173501561,0.0954083420055,-7.2826498439,47.8,0.152033580886,0.196769763713
2012-03-13,2.09167962139,0.139445308093,-5.40832037861,47.3,0.128560853493,0.226468319831
2012-03-14,3.81073388768,0.165684082073,-7.68926611232,47.9,0.13105358607,0.257182383472
2012-03-15,4.60522168911,0.184208867564,-7.89477831089,48.0,0.149360397062,0.283355693477
2012-03-16,3.54642449931,0.197023583295,-5.45357550069,48.1,0.156354036606,0.303952794178
2012-03-17,1.60182328212,0.13348527351,-4.39817671788,48.5,0.163969422907,0.247278274126
2012-03-18,1.17338076199,0.146672595248,-2.82661923801,48.4,0.165414880338,0.248079221606
2012-03-19,1.21152827529,0.13461425281,-3.28847172471,48.1,0.159200914485,0.234365846457
2012-03-20,3.53605149106,0.221003218191,-4.46394850894,48.1,0.166559784611,0.31663011064
2012-03-21,7.19951711816,0.287980684727,-5.30048288184,48.3,0.184751204897,0.403131157973
2012-03-22,2.17360036712,0.108680018356,-7.82639963288,48.7,0.179790153866,0.248907237556
2012-03-23,3.7307335114,0.414525945711,-0.769266488601,48.4,0.233360823959,0.521909099751
2012-03-24,1.13152896338,0.125725440375,-3.36847103662,48.3,0.231583061472,0.296663687579
2012-03-25,1.53305290804,0.191631613505,-2.46694709196,48.1,0.225708740535,0.317747318831
2012-03-26,3.02302743472,0.137410337942,-7.97697256528,48.6,0.195594671178,0.263102306732
2012-03-27,4.15672338272,0.143335289059,-10.3432766173,48.1,0.202525725318,0.254406999041
2012-03-28,4.64389155123,0.211085979602,-6.35610844877,48.8,0.161837732097,0.316874977654
2012-03-29,7.71988864006,0.285921801484,-5.78011135994,48.7,0.193877004318,0.405446104472
2012-03-30,4.01097312744,0.16712388031,-7.98902687256,47.7,0.188975457679,0.310785965605
2012-03-31,1.86807301076,0.16982481916,-3.63192698924,47.7,0.195458353923,0.294874573353
2012-04-01,1.46448841478,0.183061051848,-2.53551158522,47.7,0.203403506481,0.301906432133
2012-04-02,4.20764088843,0.280509392562,-3.29235911157,47.7,0.217288189073,0.399607151604
2012-04-03,3.11657628476,0.259714690397,-2.88342371524,47.6,0.212046766855,0.402894881984
2012-04-04,4.45679459598,0.222839729799,-5.54320540402,47.6,0.223189936753,0.371368767819
2012-04-05,2.59614139356,0.19970318412,-3.90385860644,47.7,0.229165609745,0.342571549137
2012-04-06,2.21702337193,0.277127921491,-1.78297662807,47.9,0.247978983674,0.412544016085
2012-04-07,1.43969907527,0.179962384409,-2.56030092473,48.0,0.227869582043,0.331605474169
2012-04-08,2.57516904562,0.367881292231,-0.924830954382,48.0,0.24950290241,0.502226714457
2012-04-09,2.6159868775,0.26159868775,-2.3840131225,48.2,0.257254694,0.436038092227
2012-04-10,1.43846636036,0.0899041475222,-6.56153363964,48.5,0.235294886681,0.255099170059
2012-04-11,2.2250842132,0.158934586657,-4.7749157868,48.5,0.211656219714,0.2790269683
2012-04-12,2.4146494744,0.201220789533,-3.5853505256,47.9,0.215907900739,0.318990707301
2012-04-13,3.34273120006,0.23876651429,-3.65726879994,46.8,0.19008494515,0.364061757631
2012-04-14,1.35402547884,0.123093225349,-4.14597452116,46.6,0.16238385267,0.260111029154
2012-04-15,2.30477390652,0.19206449221,-3.69522609348,46.8,0.182815921608,0.3052183958
2012-04-16,3.57217275202,0.162371488728,-7.42782724798,47.3,0.183503302022,0.282625747404
2012-04-17,2.68502508831,0.116740221231,-8.81497491169,47.1,0.166607188362,0.231658380495
2012-04-18,0.959048102629,0.0799206752191,-5.04095189737,47.0,0.134838020547,0.180916331021
2012-04-19,2.21609775009,0.158292696435,-4.78390224991,47.4,0.141877914765,0.243484422151
2012-04-20,1.07215425628,0.0974685687524,-4.42784574372,47.5,0.122958730073,0.194259814076
2012-04-21,1.87362277736,0.156135231446,-4.12637722264,47.7,0.121711478617,0.241527918329
2012-04-22,3.7773728445,0.290567141885,-2.7226271555,47.7,0.156476862747,0.385429452698
2012-04-23,1.84030890726,0.131450636233,-5.15969109274,47.5,0.16678285495,0.263343913581
2012-04-24,1.89067791909,0.210075324344,-2.60932208091,47.8,0.177139380532,0.318685663601
2012-04-25,2.60930025182,0.118604556901,-8.39069974818,47.5,0.181366578162,0.238390087476
2012-04-26,1.49375895484,0.0995839303227,-6.00624104516,47.6,0.170056317937,0.201101661081
2012-04-27,0.556046527332,0.0556046527332,-4.44395347267,47.9,0.123063820107,0.144725627979
2012-04-28,2.54404336043,0.23127666913,-2.95595663957,47.7,0.143029026686,0.303170308133
2012-04-29,2.92114420989,0.224703400761,-3.57885579011,47.5,0.14595464197,0.331882951437
2012-04-30,2.37456267847,0.124976983077,-7.12543732153,47.3,0.147229127205,0.244785728646
2012-05-01,2.86271729437,0.150669331283,-6.63728270563,47.4,0.157446207397,0.252251286472
2012-05-02,2.26619531462,0.113309765731,-7.73380468538,47.4,0.168987229996,0.214288047839
2012-05-03,2.42107956713,0.110049071233,-8.57892043287,47.5,0.144741710417,0.200984011471
2012-05-04,2.36282624581,0.131268124767,-6.63717375419,47.4,0.126054655218,0.216731145551
2012-05-05,2.29220862221,0.120642559064,-7.20779137779,47.0,0.125187770416,0.20835083845
2012-05-06,2.74490181237,0.249536528397,-2.75509818763,46.2,0.144961209838,0.334977792121
2012-05-07,3.32891201424,0.175205895486,-6.17108798576,46.1,0.15734043579,0.291638098551
2012-05-08,5.23455756121,0.193872502267,-8.26544243879,46.2,0.174105121996,0.305206255566
2012-05-09,3.33441703244,0.151564410565,-7.66558296756,46.7,0.178164379156,0.266735872618
2012-05-10,11.2876279022,0.268753045291,-9.7123720978,46.9,0.207786476401,0.375438770393
2012-05-11,3.33078440848,0.128107092634,-9.66921559152,46.7,0.183500589249,0.260761440629
2012-05-12,4.33512640746,0.289008427164,-3.16487359254,46.7,0.206261095584,0.397855414653
2012-05-13,3.03883450186,0.217059607276,-3.96116549814,47.0,0.210898516586,0.356867381117
2012-05-14,1.3480943814,0.11234119845,-4.6519056186,47.0,0.203053874163,0.247326895186
2012-05-15,2.70704992196,0.117697822694,-8.79295007804,46.6,0.172842829643,0.225780495661
2012-05-16,3.19724387956,0.139010603459,-8.30275612044,46.6,0.175023531808,0.236923394647
2012-05-17,2.43996737345,0.101665307227,-9.56003262655,46.1,0.137554907821,0.199285902537
2012-05-18,1.86682206946,0.0848555486116,-9.13317793054,45.8,0.111114096088,0.172015364272
2012-05-19,0.210105971974,0.0262632464968,-3.78989402803,45.9,0.0938985056977,0.104051860061
2012-05-20,2.53456356881,0.181040254915,-4.46543643119,46.0,0.106566992142,0.23915457768
2012-05-21,3.35069805212,0.186149891784,-5.64930194788,46.2,0.115994849807,0.273246920336
2012-05-22,3.04879387179,0.138581539627,-7.95120612821,45.5,0.123378096287,0.238254489264
2012-05-23,5.23702002629,0.327313751643,-2.76297997371,45.5,0.171869736893,0.421334600571
2012-05-24,1.38846942866,0.115705785722,-4.61153057134,45.5,0.189758244738,0.255227392225
2012-05-25,3.84837442384,0.320697868653,-2.15162557616,45.4,0.217689767486,0.427603967676
2012-05-26,0.809695046542,0.0899661162825,-3.69030495346,45.4,0.198453012385,0.236055991965
2012-05-27,1.6884113393,0.211051417413,-2.3115886607,45.5,0.212946987943,0.316347021102
2012-05-28,0.734095754356,0.122349292393,-2.26590424564,45.4,0.171954096093,0.241721162539
2012-05-29,3.67417223835,0.262440874168,-3.32582776165,45.6,0.201301113782,0.364728977138
2012-05-30,3.16841327092,0.18637725123,-5.33158672908,45.7,0.174436990297,0.316400823076
2012-05-31,3.23113936193,0.170059966418,-6.26886063807,45.9,0.190455760324,0.292649101751
2012-06-01,2.83368411317,0.314853790352,-1.66631588683,46.8,0.211216234912,0.431179896974
2012-06-02,3.05767477079,0.277970433708,-2.44232522921,46.8,0.242340463175,0.427842888883
2012-06-03,0.642257048935,0.0713618943262,-3.85774295106,47.2,0.204124667207,0.226716232122
2012-06-04,4.31868118573,0.308477227552,-2.68131881427,47.0,0.228544662471,0.41631271958
2012-06-05,2.73752881168,0.228127400974,-3.26247118832,47.5,0.240158149382,0.375247894474
2012-06-06,4.14409992568,0.218110522404,-5.35590007432,47.7,0.220809495793,0.360768093355
2012-06-07,5.03904795164,0.314940496977,-2.96095204836,46.9,0.228203508447,0.454400306502
2012-06-08,3.75705854234,0.163350371406,-7.74294145766,47.1,0.246601203863,0.325953747289
2012-06-09,1.79142146147,0.137801650883,-4.70857853853,46.6,0.212466088529,0.27286901652
2012-06-10,1.34429274287,0.168036592858,-2.65570725713,46.4,0.200447926906,0.285789449321
2012-06-11,1.60485827208,0.13373818934,-4.39514172792,46.3,0.183573460293,0.25059021018
2012-06-12,1.74065035526,0.158240941388,-3.75934964474,45.9,0.152233549175,0.264942573226
2012-06-13,4.44683383215,0.234043885903,-5.05316616785,45.7,0.166372252074,0.341755274635
2012-06-14,5.12267654418,0.269614554957,-4.37732345582,45.7,0.192734832889,0.39584874433
2012-06-15,1.04739613739,0.0952178306717,-4.45260386261,45.7,0.178171080452,0.23815087133
2012-06-16,1.96539927256,0.122837454535,-6.03460072744,45.7,0.175990933491,0.230282798552
2012-06-17,0.921820838263,0.0768184031886,-5.07817916174,45.6,0.159706425851,0.176546425404
2012-06-18,2.07452665466,0.122030979686,-6.42547334534,45.7,0.137303844608,0.205528439954
2012-06-19,2.29730419682,0.143581512301,-5.70269580318,45.6,0.112097236076,0.230197006468
2012-06-20,4.02662535483,0.287616096773,-2.97337464517,46.6,0.150576889297,0.379634719564
2012-06-21,3.63439442562,0.213787907389,-4.86560557438,46.8,0.168766979868,0.343636395533
2012-06-22,3.88633637211,0.161930682171,-8.11366362789,46.6,0.185789435664,0.290017500284
2012-06-23,1.48870423876,0.135336748978,-4.01129576124,46.7,0.188450589523,0.2515063485
2012-06-24,1.44171356559,0.160190396177,-3.05828643441,46.7,0.191772366298,0.265149886995
2012-06-25,0.280963708605,0.0561927417209,-2.2190362914,46.8,0.145487695287,0.16218030513
2012-06-26,1.37617338299,0.0917448921991,-6.12382661701,46.8,0.121079092249,0.171567564365
2012-06-27,3.71606251861,0.218591912859,-4.78393748139,46.9,0.132411338387,0.295442694301
2012-06-28,3.98003448073,0.248752155045,-4.01996551927,47.3,0.1550944196,0.354483053881
2012-06-29,4.24832049704,0.141610683235,-10.751679503,47.5,0.151378477012,0.26680044509
2012-06-30,2.78753811725,0.146712532487,-6.71246188275,47.5,0.169482435165,0.25473247032
2012-07-01,2.04828477725,0.256035597156,-1.95171522275,47.5,0.202340576156,0.359086512569
2012-07-02,2.6041076012,0.144672644511,-6.3958923988,47.0,0.187556722487,0.272617370194
2012-07-03,4.34647234361,0.362206028634,-1.65352765639,47.0,0.210247497204,0.473070747772
2012-07-04,2.16379086664,0.216379086664,-2.83620913336,47.0,0.22520117789,0.375209276821
2012-07-05,2.3041787032,0.192014891934,-3.6958212968,47.0,0.23426164978,0.335371802015
2012-07-06,3.45269159302,0.246620828073,-3.54730840698,47.0,0.232378695963,0.379426855981
2012-07-07,0.311577900079,0.0389472375098,-3.68842209992,47.0,0.211233614563,0.18109237276
2012-07-08,0.782652195451,0.130442032575,-2.21734780455,47.0,0.164880815351,0.224598735776
2012-07-09,2.93334522723,0.26666774793,-2.56665477277,47.0,0.174938547604,0.362849921972
2012-07-10,3.06896116175,0.191810072609,-4.93103883825,46.4,0.174897583739,0.320710032885
2012-07-11,2.74138754508,0.22844896209,-3.25861245492,46.5,0.171263210543,0.352252035728
2012-07-12,3.43521996759,0.264247689814,-3.06478003241,46.9,0.216323301004,0.396120055138
2012-07-13,3.23081162737,0.323081162737,-1.76918837263,46.9,0.254851127036,0.467704330939
2012-07-14,0.11040376089,0.0552018804451,-0.88959623911,47.0,0.212557953539,0.220752156136
2012-07-15,0.480864018608,0.0961728037216,-2.01913598139,46.8,0.193430499762,0.20501188582
2012-07-16,1.33661624285,0.148512915872,-3.16338375715,46.6,0.177443290518,0.243996276655
2012-07-17,1.12155264512,0.124616960569,-3.37844735488,46.6,0.149517144669,0.225134524886
2012-07-18,2.91306698525,0.242755582104,-3.08693301475,46.3,0.133452028542,0.337940550297
2012-07-19,1.67766639764,0.209708299705,-2.32233360236,46.2,0.164353312394,0.331494475467
2012-07-20,0.48212666828,0.0401772223566,-5.51787333172,46.6,0.153154196121,0.164864102621
2012-07-21,0.471657408035,0.0943314816069,-2.02834259197,46.4,0.142317909268,0.178917069426
2012-07-22,0.289298012874,0.096432670958,-1.21070198713,46.0,0.136681051346,0.177287329106
2012-07-23,2.47260081789,0.224781892535,-3.02739918211,45.9,0.133086313432,0.302680417349
2012-07-24,3.73443552434,0.207468640241,-5.26556447566,46.4,0.13263838154,0.315086608404
2012-07-25,1.68784116614,0.140653430512,-4.31215883386,46.3,0.152733623171,0.25638849614
2012-07-26,2.78325391794,0.163720818702,-5.71674608206,46.4,0.16661149059,0.267438770778
2012-07-27,1.90411377429,0.173101252209,-3.59588622571,46.4,0.18194520684,0.278092703779
2012-07-28,1.11845390952,0.124272656613,-3.38154609048,46.4,0.161843359655,0.231959399124
2012-07-29,0.390937923866,0.0488672404832,-3.60906207613,46.6,0.130123079704,0.145545067912
2012-07-30,2.4249839982,0.173213142729,-4.5750160018,46.9,0.136635022147,0.246288442336
2012-07-31,1.83374986954,0.130982133538,-5.16625013046,47.0,0.130087285114,0.224143368131
2012-08-01,3.20872431639,0.1887484892,-5.29127568361,47.0,0.133216732513,0.278797153037
2012-08-02,4.8085224324,0.32056816216,-2.6914775676,47.4,0.172475833622,0.423977813968
2012-08-03,3.45642690562,0.172821345281,-6.54357309438,47.3,0.197266654582,0.315006482955
2012-08-04,1.94956526135,0.177233205577,-3.55043473865,47.4,0.198070667151,0.300323318544
2012-08-05,1.72490747945,0.172490747945,-3.27509252055,47.4,0.206372390033,0.290495609678
2012-08-06,1.723240072,0.287206678667,-1.276759928,47.7,0.226064027926,0.401896853939
2012-08-07,2.58559355057,0.215466129214,-3.41440644943,47.6,0.205043621337,0.357293445518
2012-08-08,1.99691491608,0.153608839699,-4.50308508392,47.8,0.20120112022,0.289425575941
2012-08-09,2.06777517236,0.187979561124,-3.43222482764,48.4,0.20335039133,0.307054747123
2012-08-10,0.929420642458,0.185884128492,-1.57057935754,48.3,0.206029067439,0.306491876619
2012-08-11,0.0280268399818,0.00934227999394,-1.47197316002,48.0,0.150456187704,0.129508994284
2012-08-12,0.780628768015,0.156125753603,-1.71937123199,47.7,0.138588112582,0.231822588267
2012-08-13,1.26772438188,0.10564369849,-4.73227561812,47.7,0.12899508434,0.198190424454
2012-08-14,2.44494328277,0.162996218851,-5.05505671723,47.6,0.123998415886,0.248043242124
2012-08-15,3.5725794736,0.170122832076,-6.9274205264,47.2,0.120846156603,0.265908092838
2012-08-16,5.08448726632,0.317780454145,-2.91551273368,47.3,0.182533791433,0.419463872359
2012-08-17,2.65077732408,0.240979756734,-2.84922267592,47.7,0.199504592059,0.382364479449
2012-08-18,0.607046990925,0.0758808738656,-3.39295300908,48.0,0.193552027134,0.216017783042
2012-08-19,2.52612853712,0.280680948569,-1.97387146288,47.8,0.217088973078,0.381183092328
2012-08-20,1.60476865643,0.178307628492,-2.89523134357,47.2,0.218725932361,0.313388811885
2012-08-21,3.93152216659,0.170935746374,-7.56847783341,47.4,0.189356990807,0.294313446473
2012-08-22,2.51325904688,0.15707869043,-5.48674095312,47.0,0.172576777546,0.274616543636
2012-08-23,3.4008102589,0.170040512945,-6.5991897411,46.3,0.191408705362,0.28146425268
2012-08-24,1.71860151495,0.11457343433,-5.78139848505,46.6,0.158187202514,0.22625200792
2012-08-25,0.459740594863,0.0919481189727,-2.04025940514,46.8,0.14091530061,0.189452652242
2012-08-26,2.03491732337,0.203491732337,-2.96508267663,46.9,0.147426497803,0.288853813281
2012-08-27,4.09731080469,0.315177754207,-2.40268919531,46.8,0.179046310558,0.42217722113
2012-08-28,1.69831137648,0.14152594804,-4.30168862352,46.7,0.173343397577,0.284995007598
2012-08-29,2.96183033718,0.148091516859,-7.03816966282,46.8,0.180047014083,0.264914238428
2012-08-30,2.88986349899,0.180616468687,-5.11013650101,46.5,0.197780684026,0.289332876057
2012-08-31,6.02599565868,0.273908893577,-4.97400434132,46.4,0.211864116274,0.386761413199
2012-09-01,2.04523750865,0.107644079402,-7.45476249135,46.4,0.170357381313,0.245149332057
2012-09-02,4.91004928555,0.181853677243,-8.58995071445,46.4,0.178422927153,0.288744847781
2012-09-03,8.28884826107,0.26738220197,-7.21115173893,46.4,0.202281064176,0.380498054417
2012-09-04,9.85445735113,0.234629936932,-11.1455426489,46.8,0.213083757825,0.370907790943
2012-09-05,16.6608291947,0.25243680598,-16.3391708053,46.8,0.208789340305,0.390740253026
2012-09-06,17.7805982921,0.246952754056,-18.2194017079,46.7,0.236651075236,0.391763515759
2012-09-07,16.0293318476,0.267155530793,-13.9706681524,47.0,0.253711445946,0.414146541778
2012-09-08,4.89761457261,0.272089698478,-4.10238542739,47.3,0.254652945248,0.425826563166
2012-09-09,2.98305693751,0.157002996711,-6.51694306249,47.8,0.239127557204,0.315510009431
2012-09-10,1.39445159676,0.107265507443,-5.10554840324,48.3,0.210093297496,0.23981854944
2012-09-11,4.74259863384,0.237129931692,-5.25740136616,49.0,0.208128733024,0.346381874611
2012-09-12,5.18581810041,0.246943719067,-5.31418189959,48.4,0.204086370678,0.37735746556
2012-09-13,2.66341002791,0.140179475153,-6.83658997209,48.8,0.177704326013,0.280859162589
2012-09-14,2.32558086059,0.166112918613,-4.67441913941,48.6,0.179526310394,0.284999456348
2012-09-15,2.32849705679,0.232849705679,-2.67150294321,48.7,0.204643150041,0.349155538099
2012-09-16,1.60551523791,0.145955930719,-3.89448476209,48.6,0.186408349846,0.276945710283
2012-09-17,2.72263885136,0.17016492821,-5.27736114864,48.5,0.171052591675,0.285436467714
2012-09-18,2.71073707702,0.135536853851,-7.28926292298,48.1,0.170124067414,0.250357272513
2012-09-19,1.9070483877,0.272435483958,-1.5929516123,48.2,0.191388580483,0.377764648941
2012-09-20,4.3209769312,0.187868562226,-7.1790230688,48.3,0.182392351793,0.322877969173
2012-09-21,3.63814038716,0.214008258068,-4.86185961284,48.1,0.196002817262,0.340374588923
2012-09-22,0.440293538363,0.0733822563939,-2.55970646164,48.1,0.176646282899,0.203625240233
2012-09-23,1.97513246006,0.116184262356,-6.52486753994,48.3,0.1727757646,0.213056339705
2012-09-24,1.05883692597,0.11764854733,-3.44116307403,48.6,0.141818377275,0.21065972708
2012-09-25,6.99938030582,0.225786461478,-8.50061969418,48.6,0.149401957125,0.315845044534
2012-09-26,6.31303350538,0.286956068426,-4.68696649462,48.9,0.163991519197,0.401776895812
2012-09-27,2.43635198776,0.203029332313,-3.56364801224,48.6,0.189920934381,0.343444157087
2012-09-28,3.36841257389,0.280701047824,-2.63158742611,48.7,0.222824291474,0.412371126025
2012-09-29,0.785801536819,0.0873112818688,-3.71419846318,48.9,0.216756838382,0.236183854562
2012-09-30,1.98761024914,0.220845583238,-2.51238975086,48.7,0.215768662734,0.329369112442
2012-10-01,1.99283017426,0.153294628789,-4.50716982574,49.3,0.189036374807,0.278430026755
2012-10-02,3.40666883302,0.170333441651,-6.59333116698,49.0,0.182497196674,0.284471037585
2012-10-03,2.15758799399,0.119865999666,-6.84241200601,49.1,0.150330187043,0.23361754048
2012-10-04,4.42526497874,0.201148408124,-6.57473502126,49.1,0.173097612294,0.301617632485
2012-10-05,8.0819712184,0.244908218739,-8.4180287816,49.0,0.177910139394,0.359538155677
2012-10-06,3.41201820971,0.179579905774,-6.08798179029,48.4,0.183167194791,0.310596405606
2012-10-07,3.82465296457,0.15936054019,-8.17534703543,48.4,0.180972614499,0.281632210047
2012-10-08,2.32897003143,0.194080835953,-3.67102996857,47.9,0.195815581756,0.308356496108
2012-10-09,4.15034014736,0.230574452631,-4.84965985264,47.3,0.201700790658,0.349963472872
2012-10-10,2.624177026,0.164011064125,-5.375822974,46.1,0.185521359735,0.294413588701
2012-10-11,7.14447180708,0.420263047475,-1.35552819292,46.4,0.233657988075,0.539019086413
2012-10-12,4.70244360506,0.195935150211,-7.29755639494,46.3,0.240972910079,0.374191527696
2012-10-13,2.84563057175,0.177851910734,-5.15436942825,46.0,0.237727125035,0.326159467379
2012-10-14,7.98232711845,0.443462617692,-1.01767288155,46.4,0.280304758047,0.576944724989
2012-10-15,3.9629902365,0.180135919841,-7.0370097635,47.3,0.283529729191,0.373324535074
2012-10-16,1.69405614493,0.0996503614666,-6.80594385507,47.0,0.219407191989,0.25289047659
2012-10-17,8.23086455239,0.228635126455,-9.76913544761,47.0,0.225947187238,0.346895754708
2012-10-18,5.27981324834,0.219992218681,-6.72018675166,46.7,0.234375248827,0.354282090474
2012-10-19,7.05310529244,0.282124211698,-5.44689470756,47.1,0.202107567628,0.419401739521
2012-10-20,3.41209736116,0.284341446764,-2.58790263884,47.1,0.222948673013,0.438418037041
2012-10-21,3.93886886296,0.262591257531,-3.56113113704,47.1,0.255536852226,0.424745249303
2012-10-22,3.18919784669,0.227799846192,-3.81080215331,47.2,0.255369796173,0.388989646456
2012-10-23,7.20578397041,0.313294955235,-4.29421602959,47.1,0.274030343484,0.466206778565
2012-10-24,5.36537447236,0.233277150972,-6.13462552764,47.2,0.264260931339,0.404296908293
2012-10-25,3.17600197091,0.138087042213,-8.32399802909,47.0,0.235010050429,0.296993497659
2012-10-26,5.88146672429,0.189724733042,-9.61853327571,47.0,0.220436745531,0.320390198823
2012-10-27,4.14102378426,0.276068252284,-3.35897621574,46.9,0.230090426749,0.40694568861
2012-10-28,3.39682736038,0.188712631132,-5.60317263962,46.8,0.205173961929,0.339796318235
2012-10-29,2.97671213671,0.148835606835,-7.02328786329,46.8,0.188285653101,0.286391672719
2012-10-30,3.29484509094,0.173412899523,-6.20515490906,47.1,0.195350824563,0.295663861076
2012-10-31,4.97146658375,0.261656135987,-4.52853341625,47.4,0.209737105152,0.382809734286
2012-11-01,8.64735478375,0.205889399613,-12.3526452163,47.4,0.195701334618,0.347611014838
2012-11-02,4.62061908853,0.144394346516,-11.3793809115,47.4,0.186837677695,0.280747429918
2012-11-03,1.45703937251,0.145703937251,-3.54296062749,47.4,0.186211343778,0.265031815729
2012-11-04,6.07515681054,0.164193427312,-12.4248431895,47.9,0.184367449336,0.276291598409
2012-11-05,9.71837665921,0.335116436524,-4.78162334079,48.8,0.199059509443,0.447741554885
2012-11-06,6.6161170248,0.236289893743,-7.3838829752,48.8,0.205139608269,0.391069151848
